
=== Logger initialized at Wed May  6 10:51:23 2026
=== Logger shutdown at Wed May  6 10:51:25 2026


=== Logger initialized at Wed May  6 10:55:27 2026
=== Logger shutdown at Wed May  6 10:55:30 2026


=== Logger initialized at Wed May  6 10:55:44 2026
=== Logger shutdown at Wed May  6 10:55:48 2026


=== Logger initialized at Wed May  6 10:59:44 2026
[2026-05-06 10:59:44.478] [INFO ] [GL    ] Created shader program: shaders/basic.vert + shaders/basic.frag
[2026-05-06 10:59:44.478] [INFO ] [GL    ] Created shader program: shaders/hud.vert + shaders/hud.frag
[2026-05-06 10:59:44.504] [INFO ] [GL    ] Loaded texture: assets/atlas.png (1024x1024)
[2026-05-06 10:59:44.505] [INFO ] [GL    ] Created shader program: shaders/ui.vert + shaders/ui.frag
[2026-05-06 10:59:44.505] [INFO ] [UI    ] UI initialized successfully
[2026-05-06 10:59:44.510] [DEBUG] [WORLD ] Loaded chunk -2,-2 (slot 0)
[2026-05-06 10:59:44.511] [DEBUG] [WORLD ] Loaded chunk -2,-1 (slot 1)
[2026-05-06 10:59:44.512] [DEBUG] [WORLD ] Loaded chunk -2,0 (slot 2)
[2026-05-06 10:59:44.512] [DEBUG] [WORLD ] Loaded chunk -2,1 (slot 3)
[2026-05-06 10:59:44.513] [DEBUG] [WORLD ] Loaded chunk -2,2 (slot 4)
[2026-05-06 10:59:44.513] [DEBUG] [WORLD ] Loaded chunk -1,-2 (slot 5)
[2026-05-06 10:59:44.515] [DEBUG] [WORLD ] Loaded chunk -1,-1 (slot 6)
[2026-05-06 10:59:44.515] [DEBUG] [WORLD ] Loaded chunk -1,0 (slot 7)
[2026-05-06 10:59:44.516] [DEBUG] [WORLD ] Loaded chunk -1,1 (slot 8)
[2026-05-06 10:59:44.516] [DEBUG] [WORLD ] Loaded chunk -1,2 (slot 9)
[2026-05-06 10:59:44.517] [DEBUG] [WORLD ] Loaded chunk 0,-2 (slot 10)
[2026-05-06 10:59:44.518] [DEBUG] [WORLD ] Loaded chunk 0,-1 (slot 11)
[2026-05-06 10:59:44.518] [DEBUG] [WORLD ] Loaded chunk 0,0 (slot 12)
[2026-05-06 10:59:44.519] [DEBUG] [WORLD ] Loaded chunk 0,1 (slot 13)
[2026-05-06 10:59:44.519] [DEBUG] [WORLD ] Loaded chunk 0,2 (slot 14)
[2026-05-06 10:59:44.520] [DEBUG] [WORLD ] Loaded chunk 1,-2 (slot 15)
[2026-05-06 10:59:44.520] [DEBUG] [WORLD ] Loaded chunk 1,-1 (slot 16)
[2026-05-06 10:59:44.521] [DEBUG] [WORLD ] Loaded chunk 1,0 (slot 17)
[2026-05-06 10:59:44.522] [DEBUG] [WORLD ] Loaded chunk 1,1 (slot 18)
[2026-05-06 10:59:44.522] [DEBUG] [WORLD ] Loaded chunk 1,2 (slot 19)
[2026-05-06 10:59:44.523] [DEBUG] [WORLD ] Loaded chunk 2,-2 (slot 20)
[2026-05-06 10:59:44.523] [DEBUG] [WORLD ] Loaded chunk 2,-1 (slot 21)
[2026-05-06 10:59:44.524] [DEBUG] [WORLD ] Loaded chunk 2,0 (slot 22)
[2026-05-06 10:59:44.524] [DEBUG] [WORLD ] Loaded chunk 2,1 (slot 23)
[2026-05-06 10:59:44.525] [DEBUG] [WORLD ] Loaded chunk 2,2 (slot 24)
[2026-05-06 10:59:47.865] [DEBUG] [WORLD ] Unloaded chunk -2,-2
[2026-05-06 10:59:47.866] [DEBUG] [WORLD ] Unloaded chunk -2,-1
[2026-05-06 10:59:47.866] [DEBUG] [WORLD ] Unloaded chunk -2,0
[2026-05-06 10:59:47.866] [DEBUG] [WORLD ] Unloaded chunk -2,1
[2026-05-06 10:59:47.866] [DEBUG] [WORLD ] Unloaded chunk -2,2
[2026-05-06 10:59:47.866] [DEBUG] [WORLD ] Unloaded chunk -1,-2
[2026-05-06 10:59:47.866] [DEBUG] [WORLD ] Unloaded chunk -1,-1
[2026-05-06 10:59:47.866] [DEBUG] [WORLD ] Unloaded chunk -1,0
[2026-05-06 10:59:47.866] [DEBUG] [WORLD ] Unloaded chunk -1,1
[2026-05-06 10:59:47.866] [DEBUG] [WORLD ] Unloaded chunk -1,2
[2026-05-06 10:59:47.866] [DEBUG] [WORLD ] Unloaded chunk 0,-2
[2026-05-06 10:59:47.866] [DEBUG] [WORLD ] Unloaded chunk 0,-1
[2026-05-06 10:59:47.866] [DEBUG] [WORLD ] Unloaded chunk 0,0
[2026-05-06 10:59:47.866] [DEBUG] [WORLD ] Unloaded chunk 0,1
[2026-05-06 10:59:47.866] [DEBUG] [WORLD ] Unloaded chunk 0,2
[2026-05-06 10:59:47.866] [DEBUG] [WORLD ] Unloaded chunk 1,-2
[2026-05-06 10:59:47.866] [DEBUG] [WORLD ] Unloaded chunk 1,-1
[2026-05-06 10:59:47.866] [DEBUG] [WORLD ] Unloaded chunk 1,0
[2026-05-06 10:59:47.866] [DEBUG] [WORLD ] Unloaded chunk 1,1
[2026-05-06 10:59:47.866] [DEBUG] [WORLD ] Unloaded chunk 1,2
[2026-05-06 10:59:47.866] [DEBUG] [WORLD ] Unloaded chunk 2,-2
[2026-05-06 10:59:47.866] [DEBUG] [WORLD ] Unloaded chunk 2,-1
[2026-05-06 10:59:47.866] [DEBUG] [WORLD ] Unloaded chunk 2,0
[2026-05-06 10:59:47.866] [DEBUG] [WORLD ] Unloaded chunk 2,1
[2026-05-06 10:59:47.866] [DEBUG] [WORLD ] Unloaded chunk 2,2
=== Logger shutdown at Wed May  6 10:59:47 2026


=== Logger initialized at Wed May  6 11:02:37 2026
[2026-05-06 11:02:37.811] [INFO ] [GL    ] Created shader program: shaders/basic.vert + shaders/basic.frag
[2026-05-06 11:02:37.811] [INFO ] [GL    ] Created shader program: shaders/hud.vert + shaders/hud.frag
[2026-05-06 11:02:37.837] [INFO ] [GL    ] Loaded texture: assets/atlas.png (1024x1024)
[2026-05-06 11:02:37.838] [INFO ] [GL    ] Created shader program: shaders/ui.vert + shaders/ui.frag
[2026-05-06 11:02:37.838] [INFO ] [UI    ] UI initialized successfully
[2026-05-06 11:02:37.843] [DEBUG] [WORLD ] Loaded chunk -2,-2 (slot 0)
[2026-05-06 11:02:37.843] [DEBUG] [WORLD ] Loaded chunk -2,-1 (slot 1)
[2026-05-06 11:02:37.844] [DEBUG] [WORLD ] Loaded chunk -2,0 (slot 2)
[2026-05-06 11:02:37.845] [DEBUG] [WORLD ] Loaded chunk -2,1 (slot 3)
[2026-05-06 11:02:37.845] [DEBUG] [WORLD ] Loaded chunk -2,2 (slot 4)
[2026-05-06 11:02:37.846] [DEBUG] [WORLD ] Loaded chunk -1,-2 (slot 5)
[2026-05-06 11:02:37.846] [DEBUG] [WORLD ] Loaded chunk -1,-1 (slot 6)
[2026-05-06 11:02:37.847] [DEBUG] [WORLD ] Loaded chunk -1,0 (slot 7)
[2026-05-06 11:02:37.848] [DEBUG] [WORLD ] Loaded chunk -1,1 (slot 8)
[2026-05-06 11:02:37.848] [DEBUG] [WORLD ] Loaded chunk -1,2 (slot 9)
[2026-05-06 11:02:37.849] [DEBUG] [WORLD ] Loaded chunk 0,-2 (slot 10)
[2026-05-06 11:02:37.850] [DEBUG] [WORLD ] Loaded chunk 0,-1 (slot 11)
[2026-05-06 11:02:37.850] [DEBUG] [WORLD ] Loaded chunk 0,0 (slot 12)
[2026-05-06 11:02:37.851] [DEBUG] [WORLD ] Loaded chunk 0,1 (slot 13)
[2026-05-06 11:02:37.851] [DEBUG] [WORLD ] Loaded chunk 0,2 (slot 14)
[2026-05-06 11:02:37.852] [DEBUG] [WORLD ] Loaded chunk 1,-2 (slot 15)
[2026-05-06 11:02:37.852] [DEBUG] [WORLD ] Loaded chunk 1,-1 (slot 16)
[2026-05-06 11:02:37.853] [DEBUG] [WORLD ] Loaded chunk 1,0 (slot 17)
[2026-05-06 11:02:37.853] [DEBUG] [WORLD ] Loaded chunk 1,1 (slot 18)
[2026-05-06 11:02:37.854] [DEBUG] [WORLD ] Loaded chunk 1,2 (slot 19)
[2026-05-06 11:02:37.855] [DEBUG] [WORLD ] Loaded chunk 2,-2 (slot 20)
[2026-05-06 11:02:37.856] [DEBUG] [WORLD ] Loaded chunk 2,-1 (slot 21)
[2026-05-06 11:02:37.856] [DEBUG] [WORLD ] Loaded chunk 2,0 (slot 22)
[2026-05-06 11:02:37.857] [DEBUG] [WORLD ] Loaded chunk 2,1 (slot 23)
[2026-05-06 11:02:37.857] [DEBUG] [WORLD ] Loaded chunk 2,2 (slot 24)
[2026-05-06 11:02:39.265] [DEBUG] [WORLD ] Loaded chunk -2,-3 (slot 25)
[2026-05-06 11:02:39.266] [DEBUG] [WORLD ] Loaded chunk -1,-3 (slot 26)
[2026-05-06 11:02:39.267] [DEBUG] [WORLD ] Loaded chunk 0,-3 (slot 27)
[2026-05-06 11:02:39.268] [DEBUG] [WORLD ] Loaded chunk 1,-3 (slot 28)
[2026-05-06 11:02:39.269] [DEBUG] [WORLD ] Loaded chunk 2,-3 (slot 29)
[2026-05-06 11:02:49.249] [DEBUG] [WORLD ] Unloaded chunk -2,-2
[2026-05-06 11:02:49.249] [DEBUG] [WORLD ] Unloaded chunk -2,-1
[2026-05-06 11:02:49.249] [DEBUG] [WORLD ] Unloaded chunk -2,0
[2026-05-06 11:02:49.249] [DEBUG] [WORLD ] Unloaded chunk -2,1
[2026-05-06 11:02:49.249] [DEBUG] [WORLD ] Unloaded chunk -2,2
[2026-05-06 11:02:49.249] [DEBUG] [WORLD ] Unloaded chunk -1,-2
[2026-05-06 11:02:49.249] [DEBUG] [WORLD ] Unloaded chunk -1,-1
[2026-05-06 11:02:49.249] [DEBUG] [WORLD ] Unloaded chunk -1,0
[2026-05-06 11:02:49.249] [DEBUG] [WORLD ] Unloaded chunk -1,1
[2026-05-06 11:02:49.249] [DEBUG] [WORLD ] Unloaded chunk -1,2
[2026-05-06 11:02:49.249] [DEBUG] [WORLD ] Unloaded chunk 0,-2
[2026-05-06 11:02:49.249] [DEBUG] [WORLD ] Unloaded chunk 0,-1
[2026-05-06 11:02:49.249] [DEBUG] [WORLD ] Unloaded chunk 0,0
[2026-05-06 11:02:49.249] [DEBUG] [WORLD ] Unloaded chunk 0,1
[2026-05-06 11:02:49.249] [DEBUG] [WORLD ] Unloaded chunk 0,2
[2026-05-06 11:02:49.249] [DEBUG] [WORLD ] Unloaded chunk 1,-2
[2026-05-06 11:02:49.249] [DEBUG] [WORLD ] Unloaded chunk 1,-1
[2026-05-06 11:02:49.249] [DEBUG] [WORLD ] Unloaded chunk 1,0
[2026-05-06 11:02:49.249] [DEBUG] [WORLD ] Unloaded chunk 1,1
[2026-05-06 11:02:49.249] [DEBUG] [WORLD ] Unloaded chunk 1,2
[2026-05-06 11:02:49.249] [DEBUG] [WORLD ] Unloaded chunk 2,-2
[2026-05-06 11:02:49.249] [DEBUG] [WORLD ] Unloaded chunk 2,-1
[2026-05-06 11:02:49.249] [DEBUG] [WORLD ] Unloaded chunk 2,0
[2026-05-06 11:02:49.249] [DEBUG] [WORLD ] Unloaded chunk 2,1
[2026-05-06 11:02:49.249] [DEBUG] [WORLD ] Unloaded chunk 2,2
[2026-05-06 11:02:49.249] [DEBUG] [WORLD ] Unloaded chunk -2,-3
[2026-05-06 11:02:49.249] [DEBUG] [WORLD ] Unloaded chunk -1,-3
[2026-05-06 11:02:49.249] [DEBUG] [WORLD ] Unloaded chunk 0,-3
[2026-05-06 11:02:49.249] [DEBUG] [WORLD ] Unloaded chunk 1,-3
[2026-05-06 11:02:49.249] [DEBUG] [WORLD ] Unloaded chunk 2,-3
=== Logger shutdown at Wed May  6 11:02:49 2026


=== Logger initialized at Wed May  6 11:12:41 2026
[2026-05-06 11:12:41.205] [INFO ] [GL    ] Created shader program: shaders/basic.vert + shaders/basic.frag
[2026-05-06 11:12:41.205] [INFO ] [GL    ] Created shader program: shaders/hud.vert + shaders/hud.frag
[2026-05-06 11:12:41.231] [INFO ] [GL    ] Loaded texture: assets/atlas.png (1024x1024)
[2026-05-06 11:12:41.232] [INFO ] [GL    ] Created shader program: shaders/ui.vert + shaders/ui.frag
[2026-05-06 11:12:41.232] [INFO ] [UI    ] UI initialized successfully
[2026-05-06 11:12:41.237] [DEBUG] [WORLD ] Loaded chunk -2,-2 (slot 0)
[2026-05-06 11:12:41.237] [DEBUG] [WORLD ] Loaded chunk -2,-1 (slot 1)
[2026-05-06 11:12:41.238] [DEBUG] [WORLD ] Loaded chunk -2,0 (slot 2)
[2026-05-06 11:12:41.239] [DEBUG] [WORLD ] Loaded chunk -2,1 (slot 3)
[2026-05-06 11:12:41.239] [DEBUG] [WORLD ] Loaded chunk -2,2 (slot 4)
[2026-05-06 11:12:41.240] [DEBUG] [WORLD ] Loaded chunk -1,-2 (slot 5)
[2026-05-06 11:12:41.240] [DEBUG] [WORLD ] Loaded chunk -1,-1 (slot 6)
[2026-05-06 11:12:41.241] [DEBUG] [WORLD ] Loaded chunk -1,0 (slot 7)
[2026-05-06 11:12:41.242] [DEBUG] [WORLD ] Loaded chunk -1,1 (slot 8)
[2026-05-06 11:12:41.242] [DEBUG] [WORLD ] Loaded chunk -1,2 (slot 9)
[2026-05-06 11:12:41.244] [DEBUG] [WORLD ] Loaded chunk 0,-2 (slot 10)
[2026-05-06 11:12:41.244] [DEBUG] [WORLD ] Loaded chunk 0,-1 (slot 11)
[2026-05-06 11:12:41.245] [DEBUG] [WORLD ] Loaded chunk 0,0 (slot 12)
[2026-05-06 11:12:41.245] [DEBUG] [WORLD ] Loaded chunk 0,1 (slot 13)
[2026-05-06 11:12:41.246] [DEBUG] [WORLD ] Loaded chunk 0,2 (slot 14)
[2026-05-06 11:12:41.246] [DEBUG] [WORLD ] Loaded chunk 1,-2 (slot 15)
[2026-05-06 11:12:41.247] [DEBUG] [WORLD ] Loaded chunk 1,-1 (slot 16)
[2026-05-06 11:12:41.247] [DEBUG] [WORLD ] Loaded chunk 1,0 (slot 17)
[2026-05-06 11:12:41.248] [DEBUG] [WORLD ] Loaded chunk 1,1 (slot 18)
[2026-05-06 11:12:41.248] [DEBUG] [WORLD ] Loaded chunk 1,2 (slot 19)
[2026-05-06 11:12:41.249] [DEBUG] [WORLD ] Loaded chunk 2,-2 (slot 20)
[2026-05-06 11:12:41.249] [DEBUG] [WORLD ] Loaded chunk 2,-1 (slot 21)
[2026-05-06 11:12:41.250] [DEBUG] [WORLD ] Loaded chunk 2,0 (slot 22)
[2026-05-06 11:12:41.251] [DEBUG] [WORLD ] Loaded chunk 2,1 (slot 23)
[2026-05-06 11:12:41.251] [DEBUG] [WORLD ] Loaded chunk 2,2 (slot 24)
[2026-05-06 11:12:53.764] [DEBUG] [WORLD ] Unloaded chunk -2,-2
[2026-05-06 11:12:53.764] [DEBUG] [WORLD ] Unloaded chunk -2,-1
[2026-05-06 11:12:53.764] [DEBUG] [WORLD ] Unloaded chunk -2,0
[2026-05-06 11:12:53.764] [DEBUG] [WORLD ] Unloaded chunk -2,1
[2026-05-06 11:12:53.764] [DEBUG] [WORLD ] Unloaded chunk -2,2
[2026-05-06 11:12:53.764] [DEBUG] [WORLD ] Unloaded chunk -1,-2
[2026-05-06 11:12:53.764] [DEBUG] [WORLD ] Unloaded chunk -1,-1
[2026-05-06 11:12:53.764] [DEBUG] [WORLD ] Unloaded chunk -1,0
[2026-05-06 11:12:53.764] [DEBUG] [WORLD ] Unloaded chunk -1,1
[2026-05-06 11:12:53.764] [DEBUG] [WORLD ] Unloaded chunk -1,2
[2026-05-06 11:12:53.764] [DEBUG] [WORLD ] Unloaded chunk 0,-2
[2026-05-06 11:12:53.764] [DEBUG] [WORLD ] Unloaded chunk 0,-1
[2026-05-06 11:12:53.764] [DEBUG] [WORLD ] Unloaded chunk 0,0
[2026-05-06 11:12:53.764] [DEBUG] [WORLD ] Unloaded chunk 0,1
[2026-05-06 11:12:53.764] [DEBUG] [WORLD ] Unloaded chunk 0,2
[2026-05-06 11:12:53.765] [DEBUG] [WORLD ] Unloaded chunk 1,-2
[2026-05-06 11:12:53.765] [DEBUG] [WORLD ] Unloaded chunk 1,-1
[2026-05-06 11:12:53.765] [DEBUG] [WORLD ] Unloaded chunk 1,0
[2026-05-06 11:12:53.765] [DEBUG] [WORLD ] Unloaded chunk 1,1
[2026-05-06 11:12:53.765] [DEBUG] [WORLD ] Unloaded chunk 1,2
[2026-05-06 11:12:53.765] [DEBUG] [WORLD ] Unloaded chunk 2,-2
[2026-05-06 11:12:53.765] [DEBUG] [WORLD ] Unloaded chunk 2,-1
[2026-05-06 11:12:53.765] [DEBUG] [WORLD ] Unloaded chunk 2,0
[2026-05-06 11:12:53.765] [DEBUG] [WORLD ] Unloaded chunk 2,1
[2026-05-06 11:12:53.765] [DEBUG] [WORLD ] Unloaded chunk 2,2
=== Logger shutdown at Wed May  6 11:12:53 2026


=== Logger initialized at Wed May  6 11:13:38 2026
[2026-05-06 11:13:38.850] [INFO ] [GL    ] Created shader program: shaders/basic.vert + shaders/basic.frag
[2026-05-06 11:13:38.851] [INFO ] [GL    ] Created shader program: shaders/hud.vert + shaders/hud.frag
[2026-05-06 11:13:38.876] [INFO ] [GL    ] Loaded texture: assets/atlas.png (1024x1024)
[2026-05-06 11:13:38.877] [INFO ] [GL    ] Created shader program: shaders/ui.vert + shaders/ui.frag
[2026-05-06 11:13:38.877] [INFO ] [UI    ] UI initialized successfully
[2026-05-06 11:13:38.882] [DEBUG] [WORLD ] Loaded chunk -2,-2 (slot 0)
[2026-05-06 11:13:38.883] [DEBUG] [WORLD ] Loaded chunk -2,-1 (slot 1)
[2026-05-06 11:13:38.884] [DEBUG] [WORLD ] Loaded chunk -2,0 (slot 2)
[2026-05-06 11:13:38.884] [DEBUG] [WORLD ] Loaded chunk -2,1 (slot 3)
[2026-05-06 11:13:38.885] [DEBUG] [WORLD ] Loaded chunk -2,2 (slot 4)
[2026-05-06 11:13:38.885] [DEBUG] [WORLD ] Loaded chunk -1,-2 (slot 5)
[2026-05-06 11:13:38.886] [DEBUG] [WORLD ] Loaded chunk -1,-1 (slot 6)
[2026-05-06 11:13:38.887] [DEBUG] [WORLD ] Loaded chunk -1,0 (slot 7)
[2026-05-06 11:13:38.888] [DEBUG] [WORLD ] Loaded chunk -1,1 (slot 8)
[2026-05-06 11:13:38.888] [DEBUG] [WORLD ] Loaded chunk -1,2 (slot 9)
[2026-05-06 11:13:38.889] [DEBUG] [WORLD ] Loaded chunk 0,-2 (slot 10)
[2026-05-06 11:13:38.890] [DEBUG] [WORLD ] Loaded chunk 0,-1 (slot 11)
[2026-05-06 11:13:38.890] [DEBUG] [WORLD ] Loaded chunk 0,0 (slot 12)
[2026-05-06 11:13:38.891] [DEBUG] [WORLD ] Loaded chunk 0,1 (slot 13)
[2026-05-06 11:13:38.891] [DEBUG] [WORLD ] Loaded chunk 0,2 (slot 14)
[2026-05-06 11:13:38.892] [DEBUG] [WORLD ] Loaded chunk 1,-2 (slot 15)
[2026-05-06 11:13:38.892] [DEBUG] [WORLD ] Loaded chunk 1,-1 (slot 16)
[2026-05-06 11:13:38.893] [DEBUG] [WORLD ] Loaded chunk 1,0 (slot 17)
[2026-05-06 11:13:38.893] [DEBUG] [WORLD ] Loaded chunk 1,1 (slot 18)
[2026-05-06 11:13:38.894] [DEBUG] [WORLD ] Loaded chunk 1,2 (slot 19)
[2026-05-06 11:13:38.895] [DEBUG] [WORLD ] Loaded chunk 2,-2 (slot 20)
[2026-05-06 11:13:38.895] [DEBUG] [WORLD ] Loaded chunk 2,-1 (slot 21)
[2026-05-06 11:13:38.896] [DEBUG] [WORLD ] Loaded chunk 2,0 (slot 22)
[2026-05-06 11:13:38.896] [DEBUG] [WORLD ] Loaded chunk 2,1 (slot 23)
[2026-05-06 11:13:38.897] [DEBUG] [WORLD ] Loaded chunk 2,2 (slot 24)
[2026-05-06 11:13:51.247] [DEBUG] [WORLD ] Unloaded chunk -2,-2
[2026-05-06 11:13:51.247] [DEBUG] [WORLD ] Unloaded chunk -2,-1
[2026-05-06 11:13:51.247] [DEBUG] [WORLD ] Unloaded chunk -2,0
[2026-05-06 11:13:51.247] [DEBUG] [WORLD ] Unloaded chunk -2,1
[2026-05-06 11:13:51.247] [DEBUG] [WORLD ] Unloaded chunk -2,2
[2026-05-06 11:13:51.247] [DEBUG] [WORLD ] Unloaded chunk -1,-2
[2026-05-06 11:13:51.247] [DEBUG] [WORLD ] Unloaded chunk -1,-1
[2026-05-06 11:13:51.247] [DEBUG] [WORLD ] Unloaded chunk -1,0
[2026-05-06 11:13:51.247] [DEBUG] [WORLD ] Unloaded chunk -1,1
[2026-05-06 11:13:51.247] [DEBUG] [WORLD ] Unloaded chunk -1,2
[2026-05-06 11:13:51.247] [DEBUG] [WORLD ] Unloaded chunk 0,-2
[2026-05-06 11:13:51.247] [DEBUG] [WORLD ] Unloaded chunk 0,-1
[2026-05-06 11:13:51.247] [DEBUG] [WORLD ] Unloaded chunk 0,0
[2026-05-06 11:13:51.247] [DEBUG] [WORLD ] Unloaded chunk 0,1
[2026-05-06 11:13:51.247] [DEBUG] [WORLD ] Unloaded chunk 0,2
[2026-05-06 11:13:51.247] [DEBUG] [WORLD ] Unloaded chunk 1,-2
[2026-05-06 11:13:51.247] [DEBUG] [WORLD ] Unloaded chunk 1,-1
[2026-05-06 11:13:51.247] [DEBUG] [WORLD ] Unloaded chunk 1,0
[2026-05-06 11:13:51.247] [DEBUG] [WORLD ] Unloaded chunk 1,1
[2026-05-06 11:13:51.247] [DEBUG] [WORLD ] Unloaded chunk 1,2
[2026-05-06 11:13:51.247] [DEBUG] [WORLD ] Unloaded chunk 2,-2
[2026-05-06 11:13:51.247] [DEBUG] [WORLD ] Unloaded chunk 2,-1
[2026-05-06 11:13:51.247] [DEBUG] [WORLD ] Unloaded chunk 2,0
[2026-05-06 11:13:51.247] [DEBUG] [WORLD ] Unloaded chunk 2,1
[2026-05-06 11:13:51.247] [DEBUG] [WORLD ] Unloaded chunk 2,2
=== Logger shutdown at Wed May  6 11:13:51 2026


=== Logger initialized at Wed May  6 11:14:51 2026
[2026-05-06 11:14:51.915] [INFO ] [GL    ] Created shader program: shaders/basic.vert + shaders/basic.frag
[2026-05-06 11:14:51.916] [INFO ] [GL    ] Created shader program: shaders/hud.vert + shaders/hud.frag
[2026-05-06 11:14:51.942] [INFO ] [GL    ] Loaded texture: assets/atlas.png (1024x1024)
[2026-05-06 11:14:51.942] [INFO ] [GL    ] Created shader program: shaders/ui.vert + shaders/ui.frag
[2026-05-06 11:14:51.942] [INFO ] [UI    ] UI initialized successfully
[2026-05-06 11:14:51.948] [DEBUG] [WORLD ] Loaded chunk -2,-2 (slot 0)
[2026-05-06 11:14:51.948] [DEBUG] [WORLD ] Loaded chunk -2,-1 (slot 1)
[2026-05-06 11:14:51.949] [DEBUG] [WORLD ] Loaded chunk -2,0 (slot 2)
[2026-05-06 11:14:51.950] [DEBUG] [WORLD ] Loaded chunk -2,1 (slot 3)
[2026-05-06 11:14:51.950] [DEBUG] [WORLD ] Loaded chunk -2,2 (slot 4)
[2026-05-06 11:14:51.951] [DEBUG] [WORLD ] Loaded chunk -1,-2 (slot 5)
[2026-05-06 11:14:51.951] [DEBUG] [WORLD ] Loaded chunk -1,-1 (slot 6)
[2026-05-06 11:14:51.952] [DEBUG] [WORLD ] Loaded chunk -1,0 (slot 7)
[2026-05-06 11:14:51.952] [DEBUG] [WORLD ] Loaded chunk -1,1 (slot 8)
[2026-05-06 11:14:51.953] [DEBUG] [WORLD ] Loaded chunk -1,2 (slot 9)
[2026-05-06 11:14:51.954] [DEBUG] [WORLD ] Loaded chunk 0,-2 (slot 10)
[2026-05-06 11:14:51.954] [DEBUG] [WORLD ] Loaded chunk 0,-1 (slot 11)
[2026-05-06 11:14:51.955] [DEBUG] [WORLD ] Loaded chunk 0,0 (slot 12)
[2026-05-06 11:14:51.956] [DEBUG] [WORLD ] Loaded chunk 0,1 (slot 13)
[2026-05-06 11:14:51.956] [DEBUG] [WORLD ] Loaded chunk 0,2 (slot 14)
[2026-05-06 11:14:51.957] [DEBUG] [WORLD ] Loaded chunk 1,-2 (slot 15)
[2026-05-06 11:14:51.957] [DEBUG] [WORLD ] Loaded chunk 1,-1 (slot 16)
[2026-05-06 11:14:51.958] [DEBUG] [WORLD ] Loaded chunk 1,0 (slot 17)
[2026-05-06 11:14:51.958] [DEBUG] [WORLD ] Loaded chunk 1,1 (slot 18)
[2026-05-06 11:14:51.959] [DEBUG] [WORLD ] Loaded chunk 1,2 (slot 19)
[2026-05-06 11:14:51.959] [DEBUG] [WORLD ] Loaded chunk 2,-2 (slot 20)
[2026-05-06 11:14:51.960] [DEBUG] [WORLD ] Loaded chunk 2,-1 (slot 21)
[2026-05-06 11:14:51.960] [DEBUG] [WORLD ] Loaded chunk 2,0 (slot 22)
[2026-05-06 11:14:51.961] [DEBUG] [WORLD ] Loaded chunk 2,1 (slot 23)
[2026-05-06 11:14:51.962] [DEBUG] [WORLD ] Loaded chunk 2,2 (slot 24)
[2026-05-06 11:15:16.347] [DEBUG] [WORLD ] Unloaded chunk -2,-2
[2026-05-06 11:15:16.347] [DEBUG] [WORLD ] Unloaded chunk -2,-1
[2026-05-06 11:15:16.347] [DEBUG] [WORLD ] Unloaded chunk -2,0
[2026-05-06 11:15:16.347] [DEBUG] [WORLD ] Unloaded chunk -2,1
[2026-05-06 11:15:16.347] [DEBUG] [WORLD ] Unloaded chunk -2,2
[2026-05-06 11:15:16.347] [DEBUG] [WORLD ] Unloaded chunk -1,-2
[2026-05-06 11:15:16.347] [DEBUG] [WORLD ] Unloaded chunk -1,-1
[2026-05-06 11:15:16.347] [DEBUG] [WORLD ] Unloaded chunk -1,0
[2026-05-06 11:15:16.347] [DEBUG] [WORLD ] Unloaded chunk -1,1
[2026-05-06 11:15:16.347] [DEBUG] [WORLD ] Unloaded chunk -1,2
[2026-05-06 11:15:16.347] [DEBUG] [WORLD ] Unloaded chunk 0,-2
[2026-05-06 11:15:16.347] [DEBUG] [WORLD ] Unloaded chunk 0,-1
[2026-05-06 11:15:16.347] [DEBUG] [WORLD ] Unloaded chunk 0,0
[2026-05-06 11:15:16.347] [DEBUG] [WORLD ] Unloaded chunk 0,1
[2026-05-06 11:15:16.347] [DEBUG] [WORLD ] Unloaded chunk 0,2
[2026-05-06 11:15:16.347] [DEBUG] [WORLD ] Unloaded chunk 1,-2
[2026-05-06 11:15:16.347] [DEBUG] [WORLD ] Unloaded chunk 1,-1
[2026-05-06 11:15:16.347] [DEBUG] [WORLD ] Unloaded chunk 1,0
[2026-05-06 11:15:16.347] [DEBUG] [WORLD ] Unloaded chunk 1,1
[2026-05-06 11:15:16.347] [DEBUG] [WORLD ] Unloaded chunk 1,2
[2026-05-06 11:15:16.347] [DEBUG] [WORLD ] Unloaded chunk 2,-2
[2026-05-06 11:15:16.347] [DEBUG] [WORLD ] Unloaded chunk 2,-1
[2026-05-06 11:15:16.347] [DEBUG] [WORLD ] Unloaded chunk 2,0
[2026-05-06 11:15:16.347] [DEBUG] [WORLD ] Unloaded chunk 2,1
[2026-05-06 11:15:16.347] [DEBUG] [WORLD ] Unloaded chunk 2,2
=== Logger shutdown at Wed May  6 11:15:16 2026


=== Logger initialized at Wed May  6 11:21:01 2026
[2026-05-06 11:21:01.716] [INFO ] [GL    ] Created shader program: shaders/basic.vert + shaders/basic.frag
[2026-05-06 11:21:01.716] [INFO ] [GL    ] Created shader program: shaders/hud.vert + shaders/hud.frag
[2026-05-06 11:21:01.742] [INFO ] [GL    ] Loaded texture: assets/atlas.png (1024x1024)
[2026-05-06 11:21:01.743] [INFO ] [GL    ] Created shader program: shaders/ui.vert + shaders/ui.frag
[2026-05-06 11:21:01.743] [INFO ] [UI    ] UI initialized successfully
[2026-05-06 11:21:01.748] [DEBUG] [WORLD ] Loaded chunk -2,-2 (slot 0)
[2026-05-06 11:21:01.749] [DEBUG] [WORLD ] Loaded chunk -2,-1 (slot 1)
[2026-05-06 11:21:01.750] [DEBUG] [WORLD ] Loaded chunk -2,0 (slot 2)
[2026-05-06 11:21:01.750] [DEBUG] [WORLD ] Loaded chunk -2,1 (slot 3)
[2026-05-06 11:21:01.751] [DEBUG] [WORLD ] Loaded chunk -2,2 (slot 4)
[2026-05-06 11:21:01.751] [DEBUG] [WORLD ] Loaded chunk -1,-2 (slot 5)
[2026-05-06 11:21:01.752] [DEBUG] [WORLD ] Loaded chunk -1,-1 (slot 6)
[2026-05-06 11:21:01.752] [DEBUG] [WORLD ] Loaded chunk -1,0 (slot 7)
[2026-05-06 11:21:01.753] [DEBUG] [WORLD ] Loaded chunk -1,1 (slot 8)
[2026-05-06 11:21:01.753] [DEBUG] [WORLD ] Loaded chunk -1,2 (slot 9)
[2026-05-06 11:21:01.754] [DEBUG] [WORLD ] Loaded chunk 0,-2 (slot 10)
[2026-05-06 11:21:01.755] [DEBUG] [WORLD ] Loaded chunk 0,-1 (slot 11)
[2026-05-06 11:21:01.756] [DEBUG] [WORLD ] Loaded chunk 0,0 (slot 12)
[2026-05-06 11:21:01.756] [DEBUG] [WORLD ] Loaded chunk 0,1 (slot 13)
[2026-05-06 11:21:01.757] [DEBUG] [WORLD ] Loaded chunk 0,2 (slot 14)
[2026-05-06 11:21:01.757] [DEBUG] [WORLD ] Loaded chunk 1,-2 (slot 15)
[2026-05-06 11:21:01.758] [DEBUG] [WORLD ] Loaded chunk 1,-1 (slot 16)
[2026-05-06 11:21:01.758] [DEBUG] [WORLD ] Loaded chunk 1,0 (slot 17)
[2026-05-06 11:21:01.759] [DEBUG] [WORLD ] Loaded chunk 1,1 (slot 18)
[2026-05-06 11:21:01.759] [DEBUG] [WORLD ] Loaded chunk 1,2 (slot 19)
[2026-05-06 11:21:01.760] [DEBUG] [WORLD ] Loaded chunk 2,-2 (slot 20)
[2026-05-06 11:21:01.760] [DEBUG] [WORLD ] Loaded chunk 2,-1 (slot 21)
[2026-05-06 11:21:01.761] [DEBUG] [WORLD ] Loaded chunk 2,0 (slot 22)
[2026-05-06 11:21:01.762] [DEBUG] [WORLD ] Loaded chunk 2,1 (slot 23)
[2026-05-06 11:21:01.763] [DEBUG] [WORLD ] Loaded chunk 2,2 (slot 24)
[2026-05-06 11:21:05.196] [DEBUG] [WORLD ] Loaded chunk -2,-3 (slot 25)
[2026-05-06 11:21:05.197] [DEBUG] [WORLD ] Loaded chunk -1,-3 (slot 26)
[2026-05-06 11:21:05.198] [DEBUG] [WORLD ] Loaded chunk 0,-3 (slot 27)
[2026-05-06 11:21:05.199] [DEBUG] [WORLD ] Loaded chunk 1,-3 (slot 28)
[2026-05-06 11:21:05.200] [DEBUG] [WORLD ] Loaded chunk 2,-3 (slot 29)
[2026-05-06 11:21:09.579] [DEBUG] [WORLD ] Loaded chunk -2,-4 (slot 30)
[2026-05-06 11:21:09.583] [DEBUG] [WORLD ] Loaded chunk -1,-4 (slot 31)
[2026-05-06 11:21:09.586] [DEBUG] [WORLD ] Loaded chunk 0,-4 (slot 32)
[2026-05-06 11:21:09.589] [DEBUG] [WORLD ] Loaded chunk 1,-4 (slot 33)
[2026-05-06 11:21:09.592] [DEBUG] [WORLD ] Loaded chunk 2,-4 (slot 34)
[2026-05-06 11:21:53.312] [DEBUG] [WORLD ] Loaded chunk -2,-5 (slot 35)
[2026-05-06 11:21:53.314] [DEBUG] [WORLD ] Loaded chunk -1,-5 (slot 36)
[2026-05-06 11:21:53.317] [DEBUG] [WORLD ] Loaded chunk 0,-5 (slot 37)
[2026-05-06 11:21:53.320] [DEBUG] [WORLD ] Loaded chunk 1,-5 (slot 38)
[2026-05-06 11:21:53.322] [DEBUG] [WORLD ] Loaded chunk 2,-5 (slot 39)
[2026-05-06 11:21:53.322] [DEBUG] [WORLD ] Unloaded chunk -2,2
[2026-05-06 11:21:53.322] [DEBUG] [WORLD ] Unloaded chunk -1,2
[2026-05-06 11:21:53.322] [DEBUG] [WORLD ] Unloaded chunk 0,2
[2026-05-06 11:21:53.322] [DEBUG] [WORLD ] Unloaded chunk 1,2
[2026-05-06 11:21:53.322] [DEBUG] [WORLD ] Unloaded chunk 2,2
[2026-05-06 11:21:55.229] [DEBUG] [WORLD ] Unloaded chunk -2,-2
[2026-05-06 11:21:55.229] [DEBUG] [WORLD ] Unloaded chunk -2,-1
[2026-05-06 11:21:55.229] [DEBUG] [WORLD ] Unloaded chunk -2,0
[2026-05-06 11:21:55.229] [DEBUG] [WORLD ] Unloaded chunk -2,1
[2026-05-06 11:21:55.229] [DEBUG] [WORLD ] Unloaded chunk -1,-2
[2026-05-06 11:21:55.229] [DEBUG] [WORLD ] Unloaded chunk -1,-1
[2026-05-06 11:21:55.229] [DEBUG] [WORLD ] Unloaded chunk -1,0
[2026-05-06 11:21:55.229] [DEBUG] [WORLD ] Unloaded chunk -1,1
[2026-05-06 11:21:55.230] [DEBUG] [WORLD ] Unloaded chunk 0,-2
[2026-05-06 11:21:55.230] [DEBUG] [WORLD ] Unloaded chunk 0,-1
[2026-05-06 11:21:55.230] [DEBUG] [WORLD ] Unloaded chunk 0,0
[2026-05-06 11:21:55.230] [DEBUG] [WORLD ] Unloaded chunk 0,1
[2026-05-06 11:21:55.230] [DEBUG] [WORLD ] Unloaded chunk 1,-2
[2026-05-06 11:21:55.230] [DEBUG] [WORLD ] Unloaded chunk 1,-1
[2026-05-06 11:21:55.230] [DEBUG] [WORLD ] Unloaded chunk 1,0
[2026-05-06 11:21:55.230] [DEBUG] [WORLD ] Unloaded chunk 1,1
[2026-05-06 11:21:55.230] [DEBUG] [WORLD ] Unloaded chunk 2,-2
[2026-05-06 11:21:55.230] [DEBUG] [WORLD ] Unloaded chunk 2,-1
[2026-05-06 11:21:55.230] [DEBUG] [WORLD ] Unloaded chunk 2,0
[2026-05-06 11:21:55.230] [DEBUG] [WORLD ] Unloaded chunk 2,1
[2026-05-06 11:21:55.230] [DEBUG] [WORLD ] Unloaded chunk -2,-3
[2026-05-06 11:21:55.230] [DEBUG] [WORLD ] Unloaded chunk -1,-3
[2026-05-06 11:21:55.230] [DEBUG] [WORLD ] Unloaded chunk 0,-3
[2026-05-06 11:21:55.230] [DEBUG] [WORLD ] Unloaded chunk 1,-3
[2026-05-06 11:21:55.230] [DEBUG] [WORLD ] Unloaded chunk 2,-3
[2026-05-06 11:21:55.230] [DEBUG] [WORLD ] Unloaded chunk -2,-4
[2026-05-06 11:21:55.230] [DEBUG] [WORLD ] Unloaded chunk -1,-4
[2026-05-06 11:21:55.230] [DEBUG] [WORLD ] Unloaded chunk 0,-4
[2026-05-06 11:21:55.230] [DEBUG] [WORLD ] Unloaded chunk 1,-4
[2026-05-06 11:21:55.230] [DEBUG] [WORLD ] Unloaded chunk 2,-4
[2026-05-06 11:21:55.230] [DEBUG] [WORLD ] Unloaded chunk -2,-5
[2026-05-06 11:21:55.230] [DEBUG] [WORLD ] Unloaded chunk -1,-5
[2026-05-06 11:21:55.230] [DEBUG] [WORLD ] Unloaded chunk 0,-5
[2026-05-06 11:21:55.230] [DEBUG] [WORLD ] Unloaded chunk 1,-5
[2026-05-06 11:21:55.230] [DEBUG] [WORLD ] Unloaded chunk 2,-5
=== Logger shutdown at Wed May  6 11:21:55 2026


=== Logger initialized at Wed May  6 11:21:57 2026
[2026-05-06 11:21:57.576] [INFO ] [GL    ] Created shader program: shaders/basic.vert + shaders/basic.frag
[2026-05-06 11:21:57.576] [INFO ] [GL    ] Created shader program: shaders/hud.vert + shaders/hud.frag
[2026-05-06 11:21:57.602] [INFO ] [GL    ] Loaded texture: assets/atlas.png (1024x1024)
[2026-05-06 11:21:57.603] [INFO ] [GL    ] Created shader program: shaders/ui.vert + shaders/ui.frag
[2026-05-06 11:21:57.603] [INFO ] [UI    ] UI initialized successfully
[2026-05-06 11:21:57.608] [DEBUG] [WORLD ] Loaded chunk -2,-2 (slot 0)
[2026-05-06 11:21:57.609] [DEBUG] [WORLD ] Loaded chunk -2,-1 (slot 1)
[2026-05-06 11:21:57.610] [DEBUG] [WORLD ] Loaded chunk -2,0 (slot 2)
[2026-05-06 11:21:57.611] [DEBUG] [WORLD ] Loaded chunk -2,1 (slot 3)
[2026-05-06 11:21:57.611] [DEBUG] [WORLD ] Loaded chunk -2,2 (slot 4)
[2026-05-06 11:21:57.612] [DEBUG] [WORLD ] Loaded chunk -1,-2 (slot 5)
[2026-05-06 11:21:57.612] [DEBUG] [WORLD ] Loaded chunk -1,-1 (slot 6)
[2026-05-06 11:21:57.613] [DEBUG] [WORLD ] Loaded chunk -1,0 (slot 7)
[2026-05-06 11:21:57.613] [DEBUG] [WORLD ] Loaded chunk -1,1 (slot 8)
[2026-05-06 11:21:57.614] [DEBUG] [WORLD ] Loaded chunk -1,2 (slot 9)
[2026-05-06 11:21:57.615] [DEBUG] [WORLD ] Loaded chunk 0,-2 (slot 10)
[2026-05-06 11:21:57.616] [DEBUG] [WORLD ] Loaded chunk 0,-1 (slot 11)
[2026-05-06 11:21:57.616] [DEBUG] [WORLD ] Loaded chunk 0,0 (slot 12)
[2026-05-06 11:21:57.617] [DEBUG] [WORLD ] Loaded chunk 0,1 (slot 13)
[2026-05-06 11:21:57.617] [DEBUG] [WORLD ] Loaded chunk 0,2 (slot 14)
[2026-05-06 11:21:57.618] [DEBUG] [WORLD ] Loaded chunk 1,-2 (slot 15)
[2026-05-06 11:21:57.618] [DEBUG] [WORLD ] Loaded chunk 1,-1 (slot 16)
[2026-05-06 11:21:57.619] [DEBUG] [WORLD ] Loaded chunk 1,0 (slot 17)
[2026-05-06 11:21:57.619] [DEBUG] [WORLD ] Loaded chunk 1,1 (slot 18)
[2026-05-06 11:21:57.620] [DEBUG] [WORLD ] Loaded chunk 1,2 (slot 19)
[2026-05-06 11:21:57.620] [DEBUG] [WORLD ] Loaded chunk 2,-2 (slot 20)
[2026-05-06 11:21:57.621] [DEBUG] [WORLD ] Loaded chunk 2,-1 (slot 21)
[2026-05-06 11:21:57.622] [DEBUG] [WORLD ] Loaded chunk 2,0 (slot 22)
[2026-05-06 11:21:57.622] [DEBUG] [WORLD ] Loaded chunk 2,1 (slot 23)
[2026-05-06 11:21:57.623] [DEBUG] [WORLD ] Loaded chunk 2,2 (slot 24)
[2026-05-06 11:22:02.196] [DEBUG] [WORLD ] Unloaded chunk -2,-2
[2026-05-06 11:22:02.196] [DEBUG] [WORLD ] Unloaded chunk -2,-1
[2026-05-06 11:22:02.196] [DEBUG] [WORLD ] Unloaded chunk -2,0
[2026-05-06 11:22:02.196] [DEBUG] [WORLD ] Unloaded chunk -2,1
[2026-05-06 11:22:02.196] [DEBUG] [WORLD ] Unloaded chunk -2,2
[2026-05-06 11:22:02.196] [DEBUG] [WORLD ] Unloaded chunk -1,-2
[2026-05-06 11:22:02.196] [DEBUG] [WORLD ] Unloaded chunk -1,-1
[2026-05-06 11:22:02.196] [DEBUG] [WORLD ] Unloaded chunk -1,0
[2026-05-06 11:22:02.196] [DEBUG] [WORLD ] Unloaded chunk -1,1
[2026-05-06 11:22:02.196] [DEBUG] [WORLD ] Unloaded chunk -1,2
[2026-05-06 11:22:02.196] [DEBUG] [WORLD ] Unloaded chunk 0,-2
[2026-05-06 11:22:02.196] [DEBUG] [WORLD ] Unloaded chunk 0,-1
[2026-05-06 11:22:02.196] [DEBUG] [WORLD ] Unloaded chunk 0,0
[2026-05-06 11:22:02.196] [DEBUG] [WORLD ] Unloaded chunk 0,1
[2026-05-06 11:22:02.196] [DEBUG] [WORLD ] Unloaded chunk 0,2
[2026-05-06 11:22:02.196] [DEBUG] [WORLD ] Unloaded chunk 1,-2
[2026-05-06 11:22:02.196] [DEBUG] [WORLD ] Unloaded chunk 1,-1
[2026-05-06 11:22:02.196] [DEBUG] [WORLD ] Unloaded chunk 1,0
[2026-05-06 11:22:02.196] [DEBUG] [WORLD ] Unloaded chunk 1,1
[2026-05-06 11:22:02.196] [DEBUG] [WORLD ] Unloaded chunk 1,2
[2026-05-06 11:22:02.196] [DEBUG] [WORLD ] Unloaded chunk 2,-2
[2026-05-06 11:22:02.196] [DEBUG] [WORLD ] Unloaded chunk 2,-1
[2026-05-06 11:22:02.196] [DEBUG] [WORLD ] Unloaded chunk 2,0
[2026-05-06 11:22:02.196] [DEBUG] [WORLD ] Unloaded chunk 2,1
[2026-05-06 11:22:02.196] [DEBUG] [WORLD ] Unloaded chunk 2,2
=== Logger shutdown at Wed May  6 11:22:02 2026


=== Logger initialized at Wed May  6 11:26:02 2026
[2026-05-06 11:26:02.457] [INFO ] [GL    ] Created shader program: shaders/basic.vert + shaders/basic.frag
[2026-05-06 11:26:02.457] [INFO ] [GL    ] Created shader program: shaders/hud.vert + shaders/hud.frag
[2026-05-06 11:26:02.483] [INFO ] [GL    ] Loaded texture: assets/atlas.png (1024x1024)
[2026-05-06 11:26:02.484] [INFO ] [GL    ] Created shader program: shaders/ui.vert + shaders/ui.frag
[2026-05-06 11:26:02.484] [INFO ] [UI    ] UI initialized successfully
[2026-05-06 11:26:02.489] [DEBUG] [WORLD ] Loaded chunk -2,-2 (slot 0)
[2026-05-06 11:26:02.490] [DEBUG] [WORLD ] Loaded chunk -2,-1 (slot 1)
[2026-05-06 11:26:02.491] [DEBUG] [WORLD ] Loaded chunk -2,0 (slot 2)
[2026-05-06 11:26:02.491] [DEBUG] [WORLD ] Loaded chunk -2,1 (slot 3)
[2026-05-06 11:26:02.492] [DEBUG] [WORLD ] Loaded chunk -2,2 (slot 4)
[2026-05-06 11:26:02.492] [DEBUG] [WORLD ] Loaded chunk -1,-2 (slot 5)
[2026-05-06 11:26:02.493] [DEBUG] [WORLD ] Loaded chunk -1,-1 (slot 6)
[2026-05-06 11:26:02.493] [DEBUG] [WORLD ] Loaded chunk -1,0 (slot 7)
[2026-05-06 11:26:02.494] [DEBUG] [WORLD ] Loaded chunk -1,1 (slot 8)
[2026-05-06 11:26:02.495] [DEBUG] [WORLD ] Loaded chunk -1,2 (slot 9)
[2026-05-06 11:26:02.496] [DEBUG] [WORLD ] Loaded chunk 0,-2 (slot 10)
[2026-05-06 11:26:02.496] [DEBUG] [WORLD ] Loaded chunk 0,-1 (slot 11)
[2026-05-06 11:26:02.497] [DEBUG] [WORLD ] Loaded chunk 0,0 (slot 12)
[2026-05-06 11:26:02.498] [DEBUG] [WORLD ] Loaded chunk 0,1 (slot 13)
[2026-05-06 11:26:02.498] [DEBUG] [WORLD ] Loaded chunk 0,2 (slot 14)
[2026-05-06 11:26:02.499] [DEBUG] [WORLD ] Loaded chunk 1,-2 (slot 15)
[2026-05-06 11:26:02.499] [DEBUG] [WORLD ] Loaded chunk 1,-1 (slot 16)
[2026-05-06 11:26:02.500] [DEBUG] [WORLD ] Loaded chunk 1,0 (slot 17)
[2026-05-06 11:26:02.500] [DEBUG] [WORLD ] Loaded chunk 1,1 (slot 18)
[2026-05-06 11:26:02.501] [DEBUG] [WORLD ] Loaded chunk 1,2 (slot 19)
[2026-05-06 11:26:02.501] [DEBUG] [WORLD ] Loaded chunk 2,-2 (slot 20)
[2026-05-06 11:26:02.502] [DEBUG] [WORLD ] Loaded chunk 2,-1 (slot 21)
[2026-05-06 11:26:02.503] [DEBUG] [WORLD ] Loaded chunk 2,0 (slot 22)
[2026-05-06 11:26:02.503] [DEBUG] [WORLD ] Loaded chunk 2,1 (slot 23)
[2026-05-06 11:26:02.504] [DEBUG] [WORLD ] Loaded chunk 2,2 (slot 24)
[2026-05-06 11:26:07.795] [DEBUG] [WORLD ] Loaded chunk -2,-3 (slot 25)
[2026-05-06 11:26:07.799] [DEBUG] [WORLD ] Loaded chunk -1,-3 (slot 26)
[2026-05-06 11:26:07.802] [DEBUG] [WORLD ] Loaded chunk 0,-3 (slot 27)
[2026-05-06 11:26:07.804] [DEBUG] [WORLD ] Loaded chunk 1,-3 (slot 28)
[2026-05-06 11:26:07.806] [DEBUG] [WORLD ] Loaded chunk 2,-3 (slot 29)
[2026-05-06 11:26:08.345] [DEBUG] [WORLD ] Loaded chunk -2,-4 (slot 30)
[2026-05-06 11:26:08.347] [DEBUG] [WORLD ] Loaded chunk -1,-4 (slot 31)
[2026-05-06 11:26:08.350] [DEBUG] [WORLD ] Loaded chunk 0,-4 (slot 32)
[2026-05-06 11:26:08.353] [DEBUG] [WORLD ] Loaded chunk 1,-4 (slot 33)
[2026-05-06 11:26:08.355] [DEBUG] [WORLD ] Loaded chunk 2,-4 (slot 34)
[2026-05-06 11:26:08.912] [DEBUG] [WORLD ] Loaded chunk -2,-5 (slot 35)
[2026-05-06 11:26:08.916] [DEBUG] [WORLD ] Loaded chunk -1,-5 (slot 36)
[2026-05-06 11:26:08.919] [DEBUG] [WORLD ] Loaded chunk 0,-5 (slot 37)
[2026-05-06 11:26:08.921] [DEBUG] [WORLD ] Loaded chunk 1,-5 (slot 38)
[2026-05-06 11:26:08.923] [DEBUG] [WORLD ] Loaded chunk 2,-5 (slot 39)
[2026-05-06 11:26:08.923] [DEBUG] [WORLD ] Unloaded chunk -2,2
[2026-05-06 11:26:08.923] [DEBUG] [WORLD ] Unloaded chunk -1,2
[2026-05-06 11:26:08.923] [DEBUG] [WORLD ] Unloaded chunk 0,2
[2026-05-06 11:26:08.924] [DEBUG] [WORLD ] Unloaded chunk 1,2
[2026-05-06 11:26:08.924] [DEBUG] [WORLD ] Unloaded chunk 2,2
[2026-05-06 11:26:09.062] [DEBUG] [WORLD ] Loaded chunk -3,-5 (slot 4)
[2026-05-06 11:26:09.066] [DEBUG] [WORLD ] Loaded chunk -3,-4 (slot 9)
[2026-05-06 11:26:09.069] [DEBUG] [WORLD ] Loaded chunk -3,-3 (slot 14)
[2026-05-06 11:26:09.073] [DEBUG] [WORLD ] Loaded chunk -3,-2 (slot 19)
[2026-05-06 11:26:09.075] [DEBUG] [WORLD ] Loaded chunk -3,-1 (slot 24)
[2026-05-06 11:26:09.496] [DEBUG] [WORLD ] Loaded chunk -3,-6 (slot 40)
[2026-05-06 11:26:09.497] [DEBUG] [WORLD ] Loaded chunk -2,-6 (slot 41)
[2026-05-06 11:26:09.501] [DEBUG] [WORLD ] Loaded chunk -1,-6 (slot 42)
[2026-05-06 11:26:09.505] [DEBUG] [WORLD ] Loaded chunk 0,-6 (slot 43)
[2026-05-06 11:26:09.508] [DEBUG] [WORLD ] Loaded chunk 1,-6 (slot 44)
[2026-05-06 11:26:09.508] [DEBUG] [WORLD ] Unloaded chunk -2,1
[2026-05-06 11:26:09.508] [DEBUG] [WORLD ] Unloaded chunk -1,1
[2026-05-06 11:26:09.508] [DEBUG] [WORLD ] Unloaded chunk 0,1
[2026-05-06 11:26:09.508] [DEBUG] [WORLD ] Unloaded chunk 1,1
[2026-05-06 11:26:09.508] [DEBUG] [WORLD ] Unloaded chunk 2,1
[2026-05-06 11:26:10.062] [DEBUG] [WORLD ] Loaded chunk -3,-7 (slot 3)
[2026-05-06 11:26:10.066] [DEBUG] [WORLD ] Loaded chunk -2,-7 (slot 8)
[2026-05-06 11:26:10.069] [DEBUG] [WORLD ] Loaded chunk -1,-7 (slot 13)
[2026-05-06 11:26:10.071] [DEBUG] [WORLD ] Loaded chunk 0,-7 (slot 18)
[2026-05-06 11:26:10.074] [DEBUG] [WORLD ] Loaded chunk 1,-7 (slot 23)
[2026-05-06 11:26:10.074] [DEBUG] [WORLD ] Unloaded chunk -2,0
[2026-05-06 11:26:10.074] [DEBUG] [WORLD ] Unloaded chunk -1,0
[2026-05-06 11:26:10.074] [DEBUG] [WORLD ] Unloaded chunk 0,0
[2026-05-06 11:26:10.074] [DEBUG] [WORLD ] Unloaded chunk 1,0
[2026-05-06 11:26:10.074] [DEBUG] [WORLD ] Unloaded chunk 2,0
[2026-05-06 11:26:10.462] [DEBUG] [WORLD ] Loaded chunk -4,-7 (slot 2)
[2026-05-06 11:26:10.466] [DEBUG] [WORLD ] Loaded chunk -4,-6 (slot 7)
[2026-05-06 11:26:10.469] [DEBUG] [WORLD ] Loaded chunk -4,-5 (slot 12)
[2026-05-06 11:26:10.471] [DEBUG] [WORLD ] Loaded chunk -4,-4 (slot 17)
[2026-05-06 11:26:10.474] [DEBUG] [WORLD ] Loaded chunk -4,-3 (slot 22)
[2026-05-06 11:26:10.645] [DEBUG] [WORLD ] Loaded chunk -4,-8 (slot 45)
[2026-05-06 11:26:10.649] [DEBUG] [WORLD ] Loaded chunk -3,-8 (slot 46)
[2026-05-06 11:26:10.652] [DEBUG] [WORLD ] Loaded chunk -2,-8 (slot 47)
[2026-05-06 11:26:10.655] [DEBUG] [WORLD ] Loaded chunk -1,-8 (slot 48)
[2026-05-06 11:26:10.658] [DEBUG] [WORLD ] Loaded chunk 0,-8 (slot 49)
[2026-05-06 11:26:10.658] [DEBUG] [WORLD ] Unloaded chunk -2,-1
[2026-05-06 11:26:10.658] [DEBUG] [WORLD ] Unloaded chunk -1,-1
[2026-05-06 11:26:10.658] [DEBUG] [WORLD ] Unloaded chunk 0,-1
[2026-05-06 11:26:10.658] [DEBUG] [WORLD ] Unloaded chunk 1,-1
[2026-05-06 11:26:10.658] [DEBUG] [WORLD ] Unloaded chunk 2,-1
[2026-05-06 11:26:10.658] [DEBUG] [WORLD ] Unloaded chunk -3,-1
[2026-05-06 11:26:11.229] [DEBUG] [WORLD ] Loaded chunk -4,-9 (slot 1)
[2026-05-06 11:26:11.232] [DEBUG] [WORLD ] Loaded chunk -3,-9 (slot 6)
[2026-05-06 11:26:11.235] [DEBUG] [WORLD ] Loaded chunk -2,-9 (slot 11)
[2026-05-06 11:26:11.238] [DEBUG] [WORLD ] Loaded chunk -1,-9 (slot 16)
[2026-05-06 11:26:11.241] [DEBUG] [WORLD ] Loaded chunk 0,-9 (slot 21)
[2026-05-06 11:26:11.241] [DEBUG] [WORLD ] Unloaded chunk -2,-2
[2026-05-06 11:26:11.241] [DEBUG] [WORLD ] Unloaded chunk -1,-2
[2026-05-06 11:26:11.241] [DEBUG] [WORLD ] Unloaded chunk 0,-2
[2026-05-06 11:26:11.241] [DEBUG] [WORLD ] Unloaded chunk 1,-2
[2026-05-06 11:26:11.241] [DEBUG] [WORLD ] Unloaded chunk -3,-2
[2026-05-06 11:26:11.241] [DEBUG] [WORLD ] Unloaded chunk 2,-2
[2026-05-06 11:26:11.895] [DEBUG] [WORLD ] Loaded chunk -4,-10 (slot 0)
[2026-05-06 11:26:11.896] [DEBUG] [WORLD ] Loaded chunk -3,-10 (slot 5)
[2026-05-06 11:26:11.899] [DEBUG] [WORLD ] Loaded chunk -2,-10 (slot 10)
[2026-05-06 11:26:11.902] [DEBUG] [WORLD ] Loaded chunk -1,-10 (slot 15)
[2026-05-06 11:26:11.904] [DEBUG] [WORLD ] Loaded chunk 0,-10 (slot 19)
[2026-05-06 11:26:11.904] [DEBUG] [WORLD ] Unloaded chunk -3,-3
[2026-05-06 11:26:11.904] [DEBUG] [WORLD ] Unloaded chunk -4,-3
[2026-05-06 11:26:11.904] [DEBUG] [WORLD ] Unloaded chunk -2,-3
[2026-05-06 11:26:11.904] [DEBUG] [WORLD ] Unloaded chunk -1,-3
[2026-05-06 11:26:11.904] [DEBUG] [WORLD ] Unloaded chunk 0,-3
[2026-05-06 11:26:11.904] [DEBUG] [WORLD ] Unloaded chunk 1,-3
[2026-05-06 11:26:11.904] [DEBUG] [WORLD ] Unloaded chunk 2,-3
[2026-05-06 11:26:16.146] [DEBUG] [WORLD ] Loaded chunk -4,-11 (slot 14)
[2026-05-06 11:26:16.148] [DEBUG] [WORLD ] Loaded chunk -3,-11 (slot 20)
[2026-05-06 11:26:16.152] [DEBUG] [WORLD ] Loaded chunk -2,-11 (slot 22)
[2026-05-06 11:26:16.156] [DEBUG] [WORLD ] Loaded chunk -1,-11 (slot 24)
[2026-05-06 11:26:16.160] [DEBUG] [WORLD ] Loaded chunk 0,-11 (slot 25)
[2026-05-06 11:26:16.160] [DEBUG] [WORLD ] Unloaded chunk -3,-4
[2026-05-06 11:26:16.160] [DEBUG] [WORLD ] Unloaded chunk -4,-4
[2026-05-06 11:26:16.160] [DEBUG] [WORLD ] Unloaded chunk -2,-4
[2026-05-06 11:26:16.160] [DEBUG] [WORLD ] Unloaded chunk -1,-4
[2026-05-06 11:26:16.160] [DEBUG] [WORLD ] Unloaded chunk 0,-4
[2026-05-06 11:26:16.160] [DEBUG] [WORLD ] Unloaded chunk 1,-4
[2026-05-06 11:26:16.160] [DEBUG] [WORLD ] Unloaded chunk 2,-4
[2026-05-06 11:26:16.279] [DEBUG] [WORLD ] Loaded chunk -5,-11 (slot 9)
[2026-05-06 11:26:16.281] [DEBUG] [WORLD ] Loaded chunk -5,-10 (slot 17)
[2026-05-06 11:26:16.285] [DEBUG] [WORLD ] Loaded chunk -5,-9 (slot 26)
[2026-05-06 11:26:16.289] [DEBUG] [WORLD ] Loaded chunk -5,-8 (slot 27)
[2026-05-06 11:26:16.292] [DEBUG] [WORLD ] Loaded chunk -5,-7 (slot 28)
[2026-05-06 11:26:16.292] [DEBUG] [WORLD ] Unloaded chunk 2,-5
[2026-05-06 11:26:16.745] [DEBUG] [WORLD ] Loaded chunk -5,-12 (slot 29)
[2026-05-06 11:26:16.749] [DEBUG] [WORLD ] Loaded chunk -4,-12 (slot 30)
[2026-05-06 11:26:16.752] [DEBUG] [WORLD ] Loaded chunk -3,-12 (slot 31)
[2026-05-06 11:26:16.754] [DEBUG] [WORLD ] Loaded chunk -2,-12 (slot 32)
[2026-05-06 11:26:16.757] [DEBUG] [WORLD ] Loaded chunk -1,-12 (slot 33)
[2026-05-06 11:26:16.757] [DEBUG] [WORLD ] Unloaded chunk -3,-5
[2026-05-06 11:26:16.757] [DEBUG] [WORLD ] Unloaded chunk -4,-5
[2026-05-06 11:26:16.757] [DEBUG] [WORLD ] Unloaded chunk -2,-5
[2026-05-06 11:26:16.757] [DEBUG] [WORLD ] Unloaded chunk -1,-5
[2026-05-06 11:26:16.757] [DEBUG] [WORLD ] Unloaded chunk 0,-5
[2026-05-06 11:26:16.757] [DEBUG] [WORLD ] Unloaded chunk 1,-5
[2026-05-06 11:26:17.328] [DEBUG] [WORLD ] Unloaded chunk -4,-10
[2026-05-06 11:26:17.329] [DEBUG] [WORLD ] Unloaded chunk -4,-9
[2026-05-06 11:26:17.329] [DEBUG] [WORLD ] Unloaded chunk -4,-7
[2026-05-06 11:26:17.329] [DEBUG] [WORLD ] Unloaded chunk -3,-7
[2026-05-06 11:26:17.329] [DEBUG] [WORLD ] Unloaded chunk -3,-10
[2026-05-06 11:26:17.329] [DEBUG] [WORLD ] Unloaded chunk -3,-9
[2026-05-06 11:26:17.329] [DEBUG] [WORLD ] Unloaded chunk -4,-6
[2026-05-06 11:26:17.329] [DEBUG] [WORLD ] Unloaded chunk -2,-7
[2026-05-06 11:26:17.329] [DEBUG] [WORLD ] Unloaded chunk -5,-11
[2026-05-06 11:26:17.329] [DEBUG] [WORLD ] Unloaded chunk -2,-10
[2026-05-06 11:26:17.329] [DEBUG] [WORLD ] Unloaded chunk -2,-9
[2026-05-06 11:26:17.329] [DEBUG] [WORLD ] Unloaded chunk -1,-7
[2026-05-06 11:26:17.329] [DEBUG] [WORLD ] Unloaded chunk -4,-11
[2026-05-06 11:26:17.329] [DEBUG] [WORLD ] Unloaded chunk -1,-10
[2026-05-06 11:26:17.329] [DEBUG] [WORLD ] Unloaded chunk -1,-9
[2026-05-06 11:26:17.329] [DEBUG] [WORLD ] Unloaded chunk -5,-10
[2026-05-06 11:26:17.329] [DEBUG] [WORLD ] Unloaded chunk 0,-7
[2026-05-06 11:26:17.329] [DEBUG] [WORLD ] Unloaded chunk 0,-10
[2026-05-06 11:26:17.329] [DEBUG] [WORLD ] Unloaded chunk -3,-11
[2026-05-06 11:26:17.329] [DEBUG] [WORLD ] Unloaded chunk 0,-9
[2026-05-06 11:26:17.329] [DEBUG] [WORLD ] Unloaded chunk -2,-11
[2026-05-06 11:26:17.329] [DEBUG] [WORLD ] Unloaded chunk 1,-7
[2026-05-06 11:26:17.329] [DEBUG] [WORLD ] Unloaded chunk -1,-11
[2026-05-06 11:26:17.329] [DEBUG] [WORLD ] Unloaded chunk 0,-11
[2026-05-06 11:26:17.329] [DEBUG] [WORLD ] Unloaded chunk -5,-9
[2026-05-06 11:26:17.329] [DEBUG] [WORLD ] Unloaded chunk -5,-8
[2026-05-06 11:26:17.329] [DEBUG] [WORLD ] Unloaded chunk -5,-7
[2026-05-06 11:26:17.329] [DEBUG] [WORLD ] Unloaded chunk -5,-12
[2026-05-06 11:26:17.329] [DEBUG] [WORLD ] Unloaded chunk -4,-12
[2026-05-06 11:26:17.329] [DEBUG] [WORLD ] Unloaded chunk -3,-12
[2026-05-06 11:26:17.329] [DEBUG] [WORLD ] Unloaded chunk -2,-12
[2026-05-06 11:26:17.329] [DEBUG] [WORLD ] Unloaded chunk -1,-12
[2026-05-06 11:26:17.329] [DEBUG] [WORLD ] Unloaded chunk -3,-6
[2026-05-06 11:26:17.329] [DEBUG] [WORLD ] Unloaded chunk -2,-6
[2026-05-06 11:26:17.329] [DEBUG] [WORLD ] Unloaded chunk -1,-6
[2026-05-06 11:26:17.329] [DEBUG] [WORLD ] Unloaded chunk 0,-6
[2026-05-06 11:26:17.329] [DEBUG] [WORLD ] Unloaded chunk 1,-6
[2026-05-06 11:26:17.329] [DEBUG] [WORLD ] Unloaded chunk -4,-8
[2026-05-06 11:26:17.329] [DEBUG] [WORLD ] Unloaded chunk -3,-8
[2026-05-06 11:26:17.330] [DEBUG] [WORLD ] Unloaded chunk -2,-8
[2026-05-06 11:26:17.330] [DEBUG] [WORLD ] Unloaded chunk -1,-8
[2026-05-06 11:26:17.330] [DEBUG] [WORLD ] Unloaded chunk 0,-8
=== Logger shutdown at Wed May  6 11:26:17 2026


=== Logger initialized at Wed May  6 11:26:18 2026
[2026-05-06 11:26:18.944] [INFO ] [GL    ] Created shader program: shaders/basic.vert + shaders/basic.frag
[2026-05-06 11:26:18.944] [INFO ] [GL    ] Created shader program: shaders/hud.vert + shaders/hud.frag
[2026-05-06 11:26:18.971] [INFO ] [GL    ] Loaded texture: assets/atlas.png (1024x1024)
[2026-05-06 11:26:18.972] [INFO ] [GL    ] Created shader program: shaders/ui.vert + shaders/ui.frag
[2026-05-06 11:26:18.972] [INFO ] [UI    ] UI initialized successfully
[2026-05-06 11:26:18.977] [DEBUG] [WORLD ] Loaded chunk -2,-2 (slot 0)
[2026-05-06 11:26:18.978] [DEBUG] [WORLD ] Loaded chunk -2,-1 (slot 1)
[2026-05-06 11:26:18.979] [DEBUG] [WORLD ] Loaded chunk -2,0 (slot 2)
[2026-05-06 11:26:18.979] [DEBUG] [WORLD ] Loaded chunk -2,1 (slot 3)
[2026-05-06 11:26:18.979] [DEBUG] [WORLD ] Loaded chunk -2,2 (slot 4)
[2026-05-06 11:26:18.980] [DEBUG] [WORLD ] Loaded chunk -1,-2 (slot 5)
[2026-05-06 11:26:18.980] [DEBUG] [WORLD ] Loaded chunk -1,-1 (slot 6)
[2026-05-06 11:26:18.981] [DEBUG] [WORLD ] Loaded chunk -1,0 (slot 7)
[2026-05-06 11:26:18.982] [DEBUG] [WORLD ] Loaded chunk -1,1 (slot 8)
[2026-05-06 11:26:18.983] [DEBUG] [WORLD ] Loaded chunk -1,2 (slot 9)
[2026-05-06 11:26:18.983] [DEBUG] [WORLD ] Loaded chunk 0,-2 (slot 10)
[2026-05-06 11:26:18.984] [DEBUG] [WORLD ] Loaded chunk 0,-1 (slot 11)
[2026-05-06 11:26:18.985] [DEBUG] [WORLD ] Loaded chunk 0,0 (slot 12)
[2026-05-06 11:26:18.985] [DEBUG] [WORLD ] Loaded chunk 0,1 (slot 13)
[2026-05-06 11:26:18.986] [DEBUG] [WORLD ] Loaded chunk 0,2 (slot 14)
[2026-05-06 11:26:18.986] [DEBUG] [WORLD ] Loaded chunk 1,-2 (slot 15)
[2026-05-06 11:26:18.987] [DEBUG] [WORLD ] Loaded chunk 1,-1 (slot 16)
[2026-05-06 11:26:18.987] [DEBUG] [WORLD ] Loaded chunk 1,0 (slot 17)
[2026-05-06 11:26:18.988] [DEBUG] [WORLD ] Loaded chunk 1,1 (slot 18)
[2026-05-06 11:26:18.988] [DEBUG] [WORLD ] Loaded chunk 1,2 (slot 19)
[2026-05-06 11:26:18.989] [DEBUG] [WORLD ] Loaded chunk 2,-2 (slot 20)
[2026-05-06 11:26:18.990] [DEBUG] [WORLD ] Loaded chunk 2,-1 (slot 21)
[2026-05-06 11:26:18.990] [DEBUG] [WORLD ] Loaded chunk 2,0 (slot 22)
[2026-05-06 11:26:18.991] [DEBUG] [WORLD ] Loaded chunk 2,1 (slot 23)
[2026-05-06 11:26:18.991] [DEBUG] [WORLD ] Loaded chunk 2,2 (slot 24)
[2026-05-06 11:26:20.262] [DEBUG] [WORLD ] Loaded chunk 3,-2 (slot 25)
[2026-05-06 11:26:20.263] [DEBUG] [WORLD ] Loaded chunk 3,-1 (slot 26)
[2026-05-06 11:26:20.265] [DEBUG] [WORLD ] Loaded chunk 3,0 (slot 27)
[2026-05-06 11:26:20.266] [DEBUG] [WORLD ] Loaded chunk 3,1 (slot 28)
[2026-05-06 11:26:20.266] [DEBUG] [WORLD ] Loaded chunk 3,2 (slot 29)
[2026-05-06 11:26:20.278] [DEBUG] [WORLD ] Loaded chunk -1,-3 (slot 30)
[2026-05-06 11:26:20.279] [DEBUG] [WORLD ] Loaded chunk 0,-3 (slot 31)
[2026-05-06 11:26:20.280] [DEBUG] [WORLD ] Loaded chunk 1,-3 (slot 32)
[2026-05-06 11:26:20.280] [DEBUG] [WORLD ] Loaded chunk 2,-3 (slot 33)
[2026-05-06 11:26:20.281] [DEBUG] [WORLD ] Loaded chunk 3,-3 (slot 34)
[2026-05-06 11:26:20.995] [DEBUG] [WORLD ] Loaded chunk -1,-4 (slot 35)
[2026-05-06 11:26:20.996] [DEBUG] [WORLD ] Loaded chunk 0,-4 (slot 36)
[2026-05-06 11:26:20.997] [DEBUG] [WORLD ] Loaded chunk 1,-4 (slot 37)
[2026-05-06 11:26:20.999] [DEBUG] [WORLD ] Loaded chunk 2,-4 (slot 38)
[2026-05-06 11:26:20.999] [DEBUG] [WORLD ] Loaded chunk 3,-4 (slot 39)
[2026-05-06 11:26:21.061] [DEBUG] [WORLD ] Loaded chunk 4,-4 (slot 40)
[2026-05-06 11:26:21.063] [DEBUG] [WORLD ] Loaded chunk 4,-3 (slot 41)
[2026-05-06 11:26:21.064] [DEBUG] [WORLD ] Loaded chunk 4,-2 (slot 42)
[2026-05-06 11:26:21.066] [DEBUG] [WORLD ] Loaded chunk 4,-1 (slot 43)
[2026-05-06 11:26:21.067] [DEBUG] [WORLD ] Loaded chunk 4,0 (slot 44)
[2026-05-06 11:26:21.678] [DEBUG] [WORLD ] Loaded chunk 0,-5 (slot 45)
[2026-05-06 11:26:21.680] [DEBUG] [WORLD ] Loaded chunk 1,-5 (slot 46)
[2026-05-06 11:26:21.682] [DEBUG] [WORLD ] Loaded chunk 2,-5 (slot 47)
[2026-05-06 11:26:21.683] [DEBUG] [WORLD ] Loaded chunk 3,-5 (slot 48)
[2026-05-06 11:26:21.684] [DEBUG] [WORLD ] Loaded chunk 4,-5 (slot 49)
[2026-05-06 11:26:21.684] [DEBUG] [WORLD ] Unloaded chunk -2,2
[2026-05-06 11:26:21.684] [DEBUG] [WORLD ] Unloaded chunk -1,2
[2026-05-06 11:26:21.684] [DEBUG] [WORLD ] Unloaded chunk 0,2
[2026-05-06 11:26:21.684] [DEBUG] [WORLD ] Unloaded chunk 1,2
[2026-05-06 11:26:21.684] [DEBUG] [WORLD ] Unloaded chunk 2,2
[2026-05-06 11:26:21.684] [DEBUG] [WORLD ] Unloaded chunk 3,2
[2026-05-06 11:26:21.911] [DEBUG] [WORLD ] Loaded chunk 5,-5 (slot 4)
[2026-05-06 11:26:21.913] [DEBUG] [WORLD ] Loaded chunk 5,-4 (slot 9)
[2026-05-06 11:26:21.914] [DEBUG] [WORLD ] Loaded chunk 5,-3 (slot 14)
[2026-05-06 11:26:21.915] [DEBUG] [WORLD ] Loaded chunk 5,-2 (slot 19)
[2026-05-06 11:26:21.916] [DEBUG] [WORLD ] Loaded chunk 5,-1 (slot 24)
[2026-05-06 11:26:21.916] [DEBUG] [WORLD ] Unloaded chunk -2,-2
[2026-05-06 11:26:21.916] [DEBUG] [WORLD ] Unloaded chunk -2,-1
[2026-05-06 11:26:21.916] [DEBUG] [WORLD ] Unloaded chunk -2,0
[2026-05-06 11:26:21.916] [DEBUG] [WORLD ] Unloaded chunk -2,1
[2026-05-06 11:26:22.362] [DEBUG] [WORLD ] Loaded chunk 1,-6 (slot 0)
[2026-05-06 11:26:22.363] [DEBUG] [WORLD ] Loaded chunk 2,-6 (slot 1)
[2026-05-06 11:26:22.364] [DEBUG] [WORLD ] Loaded chunk 3,-6 (slot 2)
[2026-05-06 11:26:22.366] [DEBUG] [WORLD ] Loaded chunk 4,-6 (slot 3)
[2026-05-06 11:26:22.367] [DEBUG] [WORLD ] Loaded chunk 5,-6 (slot 29)
[2026-05-06 11:26:22.367] [DEBUG] [WORLD ] Unloaded chunk -1,1
[2026-05-06 11:26:22.367] [DEBUG] [WORLD ] Unloaded chunk 0,1
[2026-05-06 11:26:22.367] [DEBUG] [WORLD ] Unloaded chunk 1,1
[2026-05-06 11:26:22.367] [DEBUG] [WORLD ] Unloaded chunk 2,1
[2026-05-06 11:26:22.367] [DEBUG] [WORLD ] Unloaded chunk 3,1
[2026-05-06 11:26:22.762] [DEBUG] [WORLD ] Loaded chunk 6,-6 (slot 8)
[2026-05-06 11:26:22.763] [DEBUG] [WORLD ] Loaded chunk 6,-5 (slot 13)
[2026-05-06 11:26:22.766] [DEBUG] [WORLD ] Loaded chunk 6,-4 (slot 18)
[2026-05-06 11:26:22.769] [DEBUG] [WORLD ] Loaded chunk 6,-3 (slot 23)
[2026-05-06 11:26:22.770] [DEBUG] [WORLD ] Loaded chunk 6,-2 (slot 28)
[2026-05-06 11:26:22.770] [DEBUG] [WORLD ] Unloaded chunk -1,-2
[2026-05-06 11:26:22.770] [DEBUG] [WORLD ] Unloaded chunk -1,-1
[2026-05-06 11:26:22.770] [DEBUG] [WORLD ] Unloaded chunk -1,0
[2026-05-06 11:26:22.770] [DEBUG] [WORLD ] Unloaded chunk -1,-3
[2026-05-06 11:26:22.770] [DEBUG] [WORLD ] Unloaded chunk -1,-4
[2026-05-06 11:26:23.045] [DEBUG] [WORLD ] Loaded chunk 2,-7 (slot 5)
[2026-05-06 11:26:23.049] [DEBUG] [WORLD ] Loaded chunk 3,-7 (slot 6)
[2026-05-06 11:26:23.052] [DEBUG] [WORLD ] Loaded chunk 4,-7 (slot 7)
[2026-05-06 11:26:23.054] [DEBUG] [WORLD ] Loaded chunk 5,-7 (slot 30)
[2026-05-06 11:26:23.056] [DEBUG] [WORLD ] Loaded chunk 6,-7 (slot 35)
[2026-05-06 11:26:23.056] [DEBUG] [WORLD ] Unloaded chunk 0,0
[2026-05-06 11:26:23.056] [DEBUG] [WORLD ] Unloaded chunk 1,0
[2026-05-06 11:26:23.056] [DEBUG] [WORLD ] Unloaded chunk 2,0
[2026-05-06 11:26:23.056] [DEBUG] [WORLD ] Unloaded chunk 3,0
[2026-05-06 11:26:23.056] [DEBUG] [WORLD ] Unloaded chunk 4,0
[2026-05-06 11:26:23.612] [DEBUG] [WORLD ] Loaded chunk 7,-7 (slot 12)
[2026-05-06 11:26:23.613] [DEBUG] [WORLD ] Loaded chunk 7,-6 (slot 17)
[2026-05-06 11:26:23.616] [DEBUG] [WORLD ] Loaded chunk 7,-5 (slot 22)
[2026-05-06 11:26:23.619] [DEBUG] [WORLD ] Loaded chunk 7,-4 (slot 27)
[2026-05-06 11:26:23.620] [DEBUG] [WORLD ] Loaded chunk 7,-3 (slot 44)
[2026-05-06 11:26:23.620] [DEBUG] [WORLD ] Unloaded chunk 0,-2
[2026-05-06 11:26:23.620] [DEBUG] [WORLD ] Unloaded chunk 0,-1
[2026-05-06 11:26:23.620] [DEBUG] [WORLD ] Unloaded chunk 0,-3
[2026-05-06 11:26:23.620] [DEBUG] [WORLD ] Unloaded chunk 0,-4
[2026-05-06 11:26:23.620] [DEBUG] [WORLD ] Unloaded chunk 0,-5
[2026-05-06 11:26:23.729] [DEBUG] [WORLD ] Loaded chunk 3,-8 (slot 10)
[2026-05-06 11:26:23.732] [DEBUG] [WORLD ] Loaded chunk 4,-8 (slot 11)
[2026-05-06 11:26:23.736] [DEBUG] [WORLD ] Loaded chunk 5,-8 (slot 31)
[2026-05-06 11:26:23.738] [DEBUG] [WORLD ] Loaded chunk 6,-8 (slot 36)
[2026-05-06 11:26:23.741] [DEBUG] [WORLD ] Loaded chunk 7,-8 (slot 45)
[2026-05-06 11:26:23.741] [DEBUG] [WORLD ] Unloaded chunk 1,-1
[2026-05-06 11:26:23.741] [DEBUG] [WORLD ] Unloaded chunk 2,-1
[2026-05-06 11:26:23.741] [DEBUG] [WORLD ] Unloaded chunk 5,-1
[2026-05-06 11:26:23.741] [DEBUG] [WORLD ] Unloaded chunk 3,-1
[2026-05-06 11:26:23.741] [DEBUG] [WORLD ] Unloaded chunk 4,-1
[2026-05-06 11:26:24.412] [DEBUG] [WORLD ] Loaded chunk 3,-9 (slot 16)
[2026-05-06 11:26:24.413] [DEBUG] [WORLD ] Loaded chunk 4,-9 (slot 21)
[2026-05-06 11:26:24.416] [DEBUG] [WORLD ] Loaded chunk 5,-9 (slot 24)
[2026-05-06 11:26:24.419] [DEBUG] [WORLD ] Loaded chunk 6,-9 (slot 26)
[2026-05-06 11:26:24.421] [DEBUG] [WORLD ] Loaded chunk 7,-9 (slot 43)
[2026-05-06 11:26:24.421] [DEBUG] [WORLD ] Unloaded chunk 1,-2
[2026-05-06 11:26:24.421] [DEBUG] [WORLD ] Unloaded chunk 5,-2
[2026-05-06 11:26:24.421] [DEBUG] [WORLD ] Unloaded chunk 2,-2
[2026-05-06 11:26:24.421] [DEBUG] [WORLD ] Unloaded chunk 3,-2
[2026-05-06 11:26:24.421] [DEBUG] [WORLD ] Unloaded chunk 6,-2
[2026-05-06 11:26:24.421] [DEBUG] [WORLD ] Unloaded chunk 4,-2
[2026-05-06 11:26:24.479] [DEBUG] [WORLD ] Loaded chunk 8,-9 (slot 15)
[2026-05-06 11:26:24.480] [DEBUG] [WORLD ] Loaded chunk 8,-8 (slot 19)
[2026-05-06 11:26:24.483] [DEBUG] [WORLD ] Loaded chunk 8,-7 (slot 20)
[2026-05-06 11:26:24.486] [DEBUG] [WORLD ] Loaded chunk 8,-6 (slot 25)
[2026-05-06 11:26:24.488] [DEBUG] [WORLD ] Loaded chunk 8,-5 (slot 28)
[2026-05-06 11:26:24.488] [DEBUG] [WORLD ] Unloaded chunk 1,-6
[2026-05-06 11:26:24.488] [DEBUG] [WORLD ] Unloaded chunk 1,-3
[2026-05-06 11:26:24.488] [DEBUG] [WORLD ] Unloaded chunk 1,-4
[2026-05-06 11:26:24.488] [DEBUG] [WORLD ] Unloaded chunk 1,-5
[2026-05-06 11:26:25.095] [DEBUG] [WORLD ] Loaded chunk 4,-10 (slot 0)
[2026-05-06 11:26:25.099] [DEBUG] [WORLD ] Loaded chunk 5,-10 (slot 32)
[2026-05-06 11:26:25.102] [DEBUG] [WORLD ] Loaded chunk 6,-10 (slot 37)
[2026-05-06 11:26:25.104] [DEBUG] [WORLD ] Loaded chunk 7,-10 (slot 42)
[2026-05-06 11:26:25.107] [DEBUG] [WORLD ] Loaded chunk 8,-10 (slot 46)
[2026-05-06 11:26:25.107] [DEBUG] [WORLD ] Unloaded chunk 5,-3
[2026-05-06 11:26:25.107] [DEBUG] [WORLD ] Unloaded chunk 6,-3
[2026-05-06 11:26:25.107] [DEBUG] [WORLD ] Unloaded chunk 2,-3
[2026-05-06 11:26:25.107] [DEBUG] [WORLD ] Unloaded chunk 3,-3
[2026-05-06 11:26:25.107] [DEBUG] [WORLD ] Unloaded chunk 4,-3
[2026-05-06 11:26:25.107] [DEBUG] [WORLD ] Unloaded chunk 7,-3
[2026-05-06 11:26:25.329] [DEBUG] [WORLD ] Loaded chunk 9,-10 (slot 14)
[2026-05-06 11:26:25.332] [DEBUG] [WORLD ] Loaded chunk 9,-9 (slot 23)
[2026-05-06 11:26:25.335] [DEBUG] [WORLD ] Loaded chunk 9,-8 (slot 33)
[2026-05-06 11:26:25.337] [DEBUG] [WORLD ] Loaded chunk 9,-7 (slot 34)
[2026-05-06 11:26:25.340] [DEBUG] [WORLD ] Loaded chunk 9,-6 (slot 41)
[2026-05-06 11:26:25.340] [DEBUG] [WORLD ] Unloaded chunk 2,-6
[2026-05-06 11:26:25.340] [DEBUG] [WORLD ] Unloaded chunk 2,-7
[2026-05-06 11:26:25.340] [DEBUG] [WORLD ] Unloaded chunk 2,-4
[2026-05-06 11:26:25.340] [DEBUG] [WORLD ] Unloaded chunk 2,-5
[2026-05-06 11:26:28.662] [DEBUG] [WORLD ] Loaded chunk 5,-11 (slot 1)
[2026-05-06 11:26:28.663] [DEBUG] [WORLD ] Loaded chunk 6,-11 (slot 5)
[2026-05-06 11:26:28.666] [DEBUG] [WORLD ] Loaded chunk 7,-11 (slot 38)
[2026-05-06 11:26:28.668] [DEBUG] [WORLD ] Loaded chunk 8,-11 (slot 44)
[2026-05-06 11:26:28.670] [DEBUG] [WORLD ] Loaded chunk 9,-11 (slot 47)
[2026-05-06 11:26:28.670] [DEBUG] [WORLD ] Unloaded chunk 5,-4
[2026-05-06 11:26:28.670] [DEBUG] [WORLD ] Unloaded chunk 6,-4
[2026-05-06 11:26:28.670] [DEBUG] [WORLD ] Unloaded chunk 7,-4
[2026-05-06 11:26:28.670] [DEBUG] [WORLD ] Unloaded chunk 3,-4
[2026-05-06 11:26:28.670] [DEBUG] [WORLD ] Unloaded chunk 4,-4
[2026-05-06 11:26:28.862] [DEBUG] [WORLD ] Loaded chunk 10,-11 (slot 9)
[2026-05-06 11:26:28.865] [DEBUG] [WORLD ] Loaded chunk 10,-10 (slot 18)
[2026-05-06 11:26:28.868] [DEBUG] [WORLD ] Loaded chunk 10,-9 (slot 27)
[2026-05-06 11:26:28.873] [DEBUG] [WORLD ] Loaded chunk 10,-8 (slot 39)
[2026-05-06 11:26:28.876] [DEBUG] [WORLD ] Loaded chunk 10,-7 (slot 40)
[2026-05-06 11:26:28.876] [DEBUG] [WORLD ] Unloaded chunk 3,-6
[2026-05-06 11:26:28.876] [DEBUG] [WORLD ] Unloaded chunk 3,-7
[2026-05-06 11:26:28.876] [DEBUG] [WORLD ] Unloaded chunk 3,-8
[2026-05-06 11:26:28.876] [DEBUG] [WORLD ] Unloaded chunk 3,-9
[2026-05-06 11:26:28.876] [DEBUG] [WORLD ] Unloaded chunk 3,-5
[2026-05-06 11:26:29.345] [DEBUG] [WORLD ] Loaded chunk 6,-12 (slot 2)
[2026-05-06 11:26:29.347] [DEBUG] [WORLD ] Loaded chunk 7,-12 (slot 6)
[2026-05-06 11:26:29.350] [DEBUG] [WORLD ] Loaded chunk 8,-12 (slot 10)
[2026-05-06 11:26:29.353] [DEBUG] [WORLD ] Loaded chunk 9,-12 (slot 16)
[2026-05-06 11:26:29.355] [DEBUG] [WORLD ] Loaded chunk 10,-12 (slot 48)
[2026-05-06 11:26:29.355] [DEBUG] [WORLD ] Unloaded chunk 5,-5
[2026-05-06 11:26:29.355] [DEBUG] [WORLD ] Unloaded chunk 6,-5
[2026-05-06 11:26:29.355] [DEBUG] [WORLD ] Unloaded chunk 7,-5
[2026-05-06 11:26:29.355] [DEBUG] [WORLD ] Unloaded chunk 8,-5
[2026-05-06 11:26:29.355] [DEBUG] [WORLD ] Unloaded chunk 4,-5
[2026-05-06 11:26:29.795] [DEBUG] [WORLD ] Loaded chunk 11,-12 (slot 4)
[2026-05-06 11:26:29.799] [DEBUG] [WORLD ] Loaded chunk 11,-11 (slot 13)
[2026-05-06 11:26:29.802] [DEBUG] [WORLD ] Loaded chunk 11,-10 (slot 22)
[2026-05-06 11:26:29.804] [DEBUG] [WORLD ] Loaded chunk 11,-9 (slot 28)
[2026-05-06 11:26:29.807] [DEBUG] [WORLD ] Loaded chunk 11,-8 (slot 49)
[2026-05-06 11:26:29.807] [DEBUG] [WORLD ] Unloaded chunk 4,-10
[2026-05-06 11:26:29.807] [DEBUG] [WORLD ] Unloaded chunk 4,-6
[2026-05-06 11:26:29.807] [DEBUG] [WORLD ] Unloaded chunk 4,-7
[2026-05-06 11:26:29.807] [DEBUG] [WORLD ] Unloaded chunk 4,-8
[2026-05-06 11:26:29.807] [DEBUG] [WORLD ] Unloaded chunk 4,-9
[2026-05-06 11:26:29.979] [DEBUG] [WORLD ] Loaded chunk 7,-13 (slot 0)
[2026-05-06 11:26:29.982] [DEBUG] [WORLD ] Loaded chunk 8,-13 (slot 3)
[2026-05-06 11:26:29.985] [DEBUG] [WORLD ] Loaded chunk 9,-13 (slot 7)
[2026-05-06 11:26:29.987] [DEBUG] [WORLD ] Loaded chunk 10,-13 (slot 11)
[2026-05-06 11:26:29.990] [DEBUG] [WORLD ] Loaded chunk 11,-13 (slot 21)
[2026-05-06 11:26:29.990] [DEBUG] [WORLD ] Unloaded chunk 6,-6
[2026-05-06 11:26:29.990] [DEBUG] [WORLD ] Unloaded chunk 7,-6
[2026-05-06 11:26:29.990] [DEBUG] [WORLD ] Unloaded chunk 8,-6
[2026-05-06 11:26:29.990] [DEBUG] [WORLD ] Unloaded chunk 5,-6
[2026-05-06 11:26:29.990] [DEBUG] [WORLD ] Unloaded chunk 9,-6
[2026-05-06 11:26:30.612] [DEBUG] [WORLD ] Loaded chunk 7,-14 (slot 8)
[2026-05-06 11:26:30.614] [DEBUG] [WORLD ] Loaded chunk 8,-14 (slot 17)
[2026-05-06 11:26:30.617] [DEBUG] [WORLD ] Loaded chunk 9,-14 (slot 25)
[2026-05-06 11:26:30.620] [DEBUG] [WORLD ] Loaded chunk 10,-14 (slot 29)
[2026-05-06 11:26:30.622] [DEBUG] [WORLD ] Loaded chunk 11,-14 (slot 41)
[2026-05-06 11:26:30.622] [DEBUG] [WORLD ] Unloaded chunk 7,-7
[2026-05-06 11:26:30.622] [DEBUG] [WORLD ] Unloaded chunk 8,-7
[2026-05-06 11:26:30.622] [DEBUG] [WORLD ] Unloaded chunk 5,-7
[2026-05-06 11:26:30.622] [DEBUG] [WORLD ] Unloaded chunk 9,-7
[2026-05-06 11:26:30.622] [DEBUG] [WORLD ] Unloaded chunk 6,-7
[2026-05-06 11:26:30.622] [DEBUG] [WORLD ] Unloaded chunk 10,-7
[2026-05-06 11:26:30.862] [DEBUG] [WORLD ] Loaded chunk 12,-14 (slot 12)
[2026-05-06 11:26:30.866] [DEBUG] [WORLD ] Loaded chunk 12,-13 (slot 20)
[2026-05-06 11:26:30.869] [DEBUG] [WORLD ] Loaded chunk 12,-12 (slot 30)
[2026-05-06 11:26:30.871] [DEBUG] [WORLD ] Loaded chunk 12,-11 (slot 34)
[2026-05-06 11:26:30.874] [DEBUG] [WORLD ] Loaded chunk 12,-10 (slot 35)
[2026-05-06 11:26:30.874] [DEBUG] [WORLD ] Unloaded chunk 5,-11
[2026-05-06 11:26:30.874] [DEBUG] [WORLD ] Unloaded chunk 5,-9
[2026-05-06 11:26:30.874] [DEBUG] [WORLD ] Unloaded chunk 5,-8
[2026-05-06 11:26:30.874] [DEBUG] [WORLD ] Unloaded chunk 5,-10
[2026-05-06 11:26:31.262] [DEBUG] [WORLD ] Loaded chunk 8,-15 (slot 1)
[2026-05-06 11:26:31.266] [DEBUG] [WORLD ] Loaded chunk 9,-15 (slot 24)
[2026-05-06 11:26:31.269] [DEBUG] [WORLD ] Loaded chunk 10,-15 (slot 31)
[2026-05-06 11:26:31.318] [DEBUG] [WORLD ] Loaded chunk 11,-15 (slot 32)
[2026-05-06 11:26:31.345] [DEBUG] [WORLD ] Loaded chunk 12,-15 (slot 40)
[2026-05-06 11:26:31.346] [DEBUG] [WORLD ] Unloaded chunk 8,-8
[2026-05-06 11:26:31.346] [DEBUG] [WORLD ] Unloaded chunk 9,-8
[2026-05-06 11:26:31.346] [DEBUG] [WORLD ] Unloaded chunk 6,-8
[2026-05-06 11:26:31.346] [DEBUG] [WORLD ] Unloaded chunk 10,-8
[2026-05-06 11:26:31.346] [DEBUG] [WORLD ] Unloaded chunk 7,-8
[2026-05-06 11:26:31.346] [DEBUG] [WORLD ] Unloaded chunk 11,-8
[2026-05-06 11:26:31.883] [DEBUG] [WORLD ] Loaded chunk 8,-16 (slot 19)
[2026-05-06 11:26:31.910] [DEBUG] [WORLD ] Loaded chunk 9,-16 (slot 33)
[2026-05-06 11:26:31.936] [DEBUG] [WORLD ] Loaded chunk 10,-16 (slot 36)
[2026-05-06 11:26:31.952] [DEBUG] [WORLD ] Loaded chunk 11,-16 (slot 39)
[2026-05-06 11:26:31.967] [DEBUG] [WORLD ] Loaded chunk 12,-16 (slot 45)
[2026-05-06 11:26:31.967] [DEBUG] [WORLD ] Unloaded chunk 8,-9
[2026-05-06 11:26:31.967] [DEBUG] [WORLD ] Unloaded chunk 9,-9
[2026-05-06 11:26:31.967] [DEBUG] [WORLD ] Unloaded chunk 6,-9
[2026-05-06 11:26:31.967] [DEBUG] [WORLD ] Unloaded chunk 10,-9
[2026-05-06 11:26:31.967] [DEBUG] [WORLD ] Unloaded chunk 11,-9
[2026-05-06 11:26:31.967] [DEBUG] [WORLD ] Unloaded chunk 7,-9
[2026-05-06 11:26:32.162] [DEBUG] [WORLD ] Loaded chunk 13,-16 (slot 15)
[2026-05-06 11:26:32.189] [DEBUG] [WORLD ] Loaded chunk 13,-15 (slot 23)
[2026-05-06 11:26:32.197] [DEBUG] [WORLD ] Loaded chunk 13,-14 (slot 26)
[2026-05-06 11:26:32.204] [DEBUG] [WORLD ] Loaded chunk 13,-13 (slot 27)
[2026-05-06 11:26:32.211] [DEBUG] [WORLD ] Loaded chunk 13,-12 (slot 28)
[2026-05-06 11:26:32.211] [DEBUG] [WORLD ] Unloaded chunk 6,-12
[2026-05-06 11:26:32.211] [DEBUG] [WORLD ] Unloaded chunk 6,-11
[2026-05-06 11:26:32.211] [DEBUG] [WORLD ] Unloaded chunk 6,-10
[2026-05-06 11:26:32.443] [DEBUG] [WORLD ] Loaded chunk 9,-17 (slot 2)
[2026-05-06 11:26:32.450] [DEBUG] [WORLD ] Loaded chunk 10,-17 (slot 5)
[2026-05-06 11:26:32.456] [DEBUG] [WORLD ] Loaded chunk 11,-17 (slot 37)
[2026-05-06 11:26:32.463] [DEBUG] [WORLD ] Loaded chunk 12,-17 (slot 43)
[2026-05-06 11:26:32.470] [DEBUG] [WORLD ] Loaded chunk 13,-17 (slot 49)
[2026-05-06 11:26:32.470] [DEBUG] [WORLD ] Unloaded chunk 9,-10
[2026-05-06 11:26:32.470] [DEBUG] [WORLD ] Unloaded chunk 10,-10
[2026-05-06 11:26:32.470] [DEBUG] [WORLD ] Unloaded chunk 11,-10
[2026-05-06 11:26:32.470] [DEBUG] [WORLD ] Unloaded chunk 12,-10
[2026-05-06 11:26:32.470] [DEBUG] [WORLD ] Unloaded chunk 7,-10
[2026-05-06 11:26:32.470] [DEBUG] [WORLD ] Unloaded chunk 8,-10
[2026-05-06 11:26:33.018] [DEBUG] [WORLD ] Loaded chunk 9,-18 (slot 14)
[2026-05-06 11:26:33.025] [DEBUG] [WORLD ] Loaded chunk 10,-18 (slot 18)
[2026-05-06 11:26:33.032] [DEBUG] [WORLD ] Loaded chunk 11,-18 (slot 22)
[2026-05-06 11:26:33.038] [DEBUG] [WORLD ] Loaded chunk 12,-18 (slot 35)
[2026-05-06 11:26:33.045] [DEBUG] [WORLD ] Loaded chunk 13,-18 (slot 42)
[2026-05-06 11:26:33.045] [DEBUG] [WORLD ] Unloaded chunk 10,-11
[2026-05-06 11:26:33.045] [DEBUG] [WORLD ] Unloaded chunk 11,-11
[2026-05-06 11:26:33.045] [DEBUG] [WORLD ] Unloaded chunk 12,-11
[2026-05-06 11:26:33.045] [DEBUG] [WORLD ] Unloaded chunk 7,-11
[2026-05-06 11:26:33.045] [DEBUG] [WORLD ] Unloaded chunk 8,-11
[2026-05-06 11:26:33.045] [DEBUG] [WORLD ] Unloaded chunk 9,-11
[2026-05-06 11:26:34.417] [DEBUG] [WORLD ] Loaded chunk 9,-19 (slot 9)
[2026-05-06 11:26:34.445] [DEBUG] [WORLD ] Loaded chunk 10,-19 (slot 13)
[2026-05-06 11:26:34.468] [DEBUG] [WORLD ] Loaded chunk 11,-19 (slot 34)
[2026-05-06 11:26:34.483] [DEBUG] [WORLD ] Loaded chunk 12,-19 (slot 38)
[2026-05-06 11:26:34.498] [DEBUG] [WORLD ] Loaded chunk 13,-19 (slot 44)
[2026-05-06 11:26:34.498] [DEBUG] [WORLD ] Unloaded chunk 11,-12
[2026-05-06 11:26:34.498] [DEBUG] [WORLD ] Unloaded chunk 7,-12
[2026-05-06 11:26:34.498] [DEBUG] [WORLD ] Unloaded chunk 8,-12
[2026-05-06 11:26:34.498] [DEBUG] [WORLD ] Unloaded chunk 9,-12
[2026-05-06 11:26:34.498] [DEBUG] [WORLD ] Unloaded chunk 13,-12
[2026-05-06 11:26:34.498] [DEBUG] [WORLD ] Unloaded chunk 12,-12
[2026-05-06 11:26:34.498] [DEBUG] [WORLD ] Unloaded chunk 10,-12
[2026-05-06 11:26:34.734] [DEBUG] [WORLD ] Loaded chunk 14,-19 (slot 4)
[2026-05-06 11:26:34.762] [DEBUG] [WORLD ] Loaded chunk 14,-18 (slot 6)
[2026-05-06 11:26:34.784] [DEBUG] [WORLD ] Loaded chunk 14,-17 (slot 10)
[2026-05-06 11:26:34.799] [DEBUG] [WORLD ] Loaded chunk 14,-16 (slot 16)
[2026-05-06 11:26:34.810] [DEBUG] [WORLD ] Loaded chunk 14,-15 (slot 28)
[2026-05-06 11:26:34.810] [DEBUG] [WORLD ] Unloaded chunk 7,-13
[2026-05-06 11:26:34.810] [DEBUG] [WORLD ] Unloaded chunk 7,-14
[2026-05-06 11:26:34.975] [DEBUG] [WORLD ] Loaded chunk 10,-20 (slot 0)
[2026-05-06 11:26:34.982] [DEBUG] [WORLD ] Loaded chunk 11,-20 (slot 8)
[2026-05-06 11:26:34.988] [DEBUG] [WORLD ] Loaded chunk 12,-20 (slot 30)
[2026-05-06 11:26:34.995] [DEBUG] [WORLD ] Loaded chunk 13,-20 (slot 46)
[2026-05-06 11:26:35.001] [DEBUG] [WORLD ] Loaded chunk 14,-20 (slot 47)
[2026-05-06 11:26:35.001] [DEBUG] [WORLD ] Unloaded chunk 8,-13
[2026-05-06 11:26:35.001] [DEBUG] [WORLD ] Unloaded chunk 9,-13
[2026-05-06 11:26:35.001] [DEBUG] [WORLD ] Unloaded chunk 10,-13
[2026-05-06 11:26:35.001] [DEBUG] [WORLD ] Unloaded chunk 12,-13
[2026-05-06 11:26:35.001] [DEBUG] [WORLD ] Unloaded chunk 11,-13
[2026-05-06 11:26:35.001] [DEBUG] [WORLD ] Unloaded chunk 13,-13
[2026-05-06 11:26:35.542] [DEBUG] [WORLD ] Loaded chunk 10,-21 (slot 3)
[2026-05-06 11:26:35.549] [DEBUG] [WORLD ] Loaded chunk 11,-21 (slot 7)
[2026-05-06 11:26:35.555] [DEBUG] [WORLD ] Loaded chunk 12,-21 (slot 11)
[2026-05-06 11:26:35.561] [DEBUG] [WORLD ] Loaded chunk 13,-21 (slot 20)
[2026-05-06 11:26:35.568] [DEBUG] [WORLD ] Loaded chunk 14,-21 (slot 21)
[2026-05-06 11:26:35.568] [DEBUG] [WORLD ] Unloaded chunk 12,-14
[2026-05-06 11:26:35.568] [DEBUG] [WORLD ] Unloaded chunk 8,-14
[2026-05-06 11:26:35.568] [DEBUG] [WORLD ] Unloaded chunk 9,-14
[2026-05-06 11:26:35.568] [DEBUG] [WORLD ] Unloaded chunk 13,-14
[2026-05-06 11:26:35.568] [DEBUG] [WORLD ] Unloaded chunk 10,-14
[2026-05-06 11:26:35.568] [DEBUG] [WORLD ] Unloaded chunk 11,-14
[2026-05-06 11:26:37.051] [DEBUG] [WORLD ] Loaded chunk 10,-22 (slot 12)
[2026-05-06 11:26:37.079] [DEBUG] [WORLD ] Loaded chunk 11,-22 (slot 17)
[2026-05-06 11:26:37.103] [DEBUG] [WORLD ] Loaded chunk 12,-22 (slot 25)
[2026-05-06 11:26:37.118] [DEBUG] [WORLD ] Loaded chunk 13,-22 (slot 26)
[2026-05-06 11:26:37.133] [DEBUG] [WORLD ] Loaded chunk 14,-22 (slot 27)
[2026-05-06 11:26:37.133] [DEBUG] [WORLD ] Unloaded chunk 8,-15
[2026-05-06 11:26:37.133] [DEBUG] [WORLD ] Unloaded chunk 13,-15
[2026-05-06 11:26:37.133] [DEBUG] [WORLD ] Unloaded chunk 9,-15
[2026-05-06 11:26:37.133] [DEBUG] [WORLD ] Unloaded chunk 14,-15
[2026-05-06 11:26:37.133] [DEBUG] [WORLD ] Unloaded chunk 10,-15
[2026-05-06 11:26:37.133] [DEBUG] [WORLD ] Unloaded chunk 11,-15
[2026-05-06 11:26:37.133] [DEBUG] [WORLD ] Unloaded chunk 12,-15
[2026-05-06 11:26:38.452] [DEBUG] [WORLD ] Loaded chunk 10,-23 (slot 1)
[2026-05-06 11:26:38.478] [DEBUG] [WORLD ] Loaded chunk 11,-23 (slot 23)
[2026-05-06 11:26:38.500] [DEBUG] [WORLD ] Loaded chunk 12,-23 (slot 24)
[2026-05-06 11:26:38.515] [DEBUG] [WORLD ] Loaded chunk 13,-23 (slot 28)
[2026-05-06 11:26:38.530] [DEBUG] [WORLD ] Loaded chunk 14,-23 (slot 29)
[2026-05-06 11:26:38.530] [DEBUG] [WORLD ] Unloaded chunk 13,-16
[2026-05-06 11:26:38.530] [DEBUG] [WORLD ] Unloaded chunk 14,-16
[2026-05-06 11:26:38.530] [DEBUG] [WORLD ] Unloaded chunk 8,-16
[2026-05-06 11:26:38.530] [DEBUG] [WORLD ] Unloaded chunk 9,-16
[2026-05-06 11:26:38.530] [DEBUG] [WORLD ] Unloaded chunk 10,-16
[2026-05-06 11:26:38.530] [DEBUG] [WORLD ] Unloaded chunk 11,-16
[2026-05-06 11:26:38.530] [DEBUG] [WORLD ] Unloaded chunk 12,-16
[2026-05-06 11:26:40.495] [DEBUG] [WORLD ] Unloaded chunk 10,-20
[2026-05-06 11:26:40.495] [DEBUG] [WORLD ] Unloaded chunk 10,-23
[2026-05-06 11:26:40.495] [DEBUG] [WORLD ] Unloaded chunk 9,-17
[2026-05-06 11:26:40.495] [DEBUG] [WORLD ] Unloaded chunk 10,-21
[2026-05-06 11:26:40.495] [DEBUG] [WORLD ] Unloaded chunk 14,-19
[2026-05-06 11:26:40.495] [DEBUG] [WORLD ] Unloaded chunk 10,-17
[2026-05-06 11:26:40.495] [DEBUG] [WORLD ] Unloaded chunk 14,-18
[2026-05-06 11:26:40.495] [DEBUG] [WORLD ] Unloaded chunk 11,-21
[2026-05-06 11:26:40.495] [DEBUG] [WORLD ] Unloaded chunk 11,-20
[2026-05-06 11:26:40.495] [DEBUG] [WORLD ] Unloaded chunk 9,-19
[2026-05-06 11:26:40.496] [DEBUG] [WORLD ] Unloaded chunk 14,-17
[2026-05-06 11:26:40.496] [DEBUG] [WORLD ] Unloaded chunk 12,-21
[2026-05-06 11:26:40.496] [DEBUG] [WORLD ] Unloaded chunk 10,-22
[2026-05-06 11:26:40.496] [DEBUG] [WORLD ] Unloaded chunk 10,-19
[2026-05-06 11:26:40.496] [DEBUG] [WORLD ] Unloaded chunk 9,-18
[2026-05-06 11:26:40.496] [DEBUG] [WORLD ] Unloaded chunk 11,-22
[2026-05-06 11:26:40.496] [DEBUG] [WORLD ] Unloaded chunk 10,-18
[2026-05-06 11:26:40.496] [DEBUG] [WORLD ] Unloaded chunk 13,-21
[2026-05-06 11:26:40.496] [DEBUG] [WORLD ] Unloaded chunk 14,-21
[2026-05-06 11:26:40.496] [DEBUG] [WORLD ] Unloaded chunk 11,-18
[2026-05-06 11:26:40.496] [DEBUG] [WORLD ] Unloaded chunk 11,-23
[2026-05-06 11:26:40.496] [DEBUG] [WORLD ] Unloaded chunk 12,-23
[2026-05-06 11:26:40.496] [DEBUG] [WORLD ] Unloaded chunk 12,-22
[2026-05-06 11:26:40.496] [DEBUG] [WORLD ] Unloaded chunk 13,-22
[2026-05-06 11:26:40.496] [DEBUG] [WORLD ] Unloaded chunk 14,-22
[2026-05-06 11:26:40.496] [DEBUG] [WORLD ] Unloaded chunk 13,-23
[2026-05-06 11:26:40.496] [DEBUG] [WORLD ] Unloaded chunk 14,-23
[2026-05-06 11:26:40.496] [DEBUG] [WORLD ] Unloaded chunk 12,-20
[2026-05-06 11:26:40.496] [DEBUG] [WORLD ] Unloaded chunk 11,-19
[2026-05-06 11:26:40.496] [DEBUG] [WORLD ] Unloaded chunk 12,-18
[2026-05-06 11:26:40.496] [DEBUG] [WORLD ] Unloaded chunk 11,-17
[2026-05-06 11:26:40.496] [DEBUG] [WORLD ] Unloaded chunk 12,-19
[2026-05-06 11:26:40.496] [DEBUG] [WORLD ] Unloaded chunk 13,-18
[2026-05-06 11:26:40.496] [DEBUG] [WORLD ] Unloaded chunk 12,-17
[2026-05-06 11:26:40.496] [DEBUG] [WORLD ] Unloaded chunk 13,-19
[2026-05-06 11:26:40.496] [DEBUG] [WORLD ] Unloaded chunk 13,-20
[2026-05-06 11:26:40.496] [DEBUG] [WORLD ] Unloaded chunk 14,-20
[2026-05-06 11:26:40.496] [DEBUG] [WORLD ] Unloaded chunk 13,-17
=== Logger shutdown at Wed May  6 11:26:40 2026


=== Logger initialized at Wed May  6 11:28:56 2026
[2026-05-06 11:28:56.982] [INFO ] [GL    ] Created shader program: shaders/basic.vert + shaders/basic.frag
[2026-05-06 11:28:56.982] [INFO ] [GL    ] Created shader program: shaders/hud.vert + shaders/hud.frag
[2026-05-06 11:28:57.010] [INFO ] [GL    ] Loaded texture: assets/atlas.png (1024x1024)
[2026-05-06 11:28:57.011] [INFO ] [GL    ] Created shader program: shaders/ui.vert + shaders/ui.frag
[2026-05-06 11:28:57.011] [INFO ] [UI    ] UI initialized successfully
[2026-05-06 11:28:57.019] [DEBUG] [WORLD ] Loaded chunk -2,-2 (slot 0)
[2026-05-06 11:28:57.019] [DEBUG] [WORLD ] Loaded chunk -2,-1 (slot 1)
[2026-05-06 11:28:57.020] [DEBUG] [WORLD ] Loaded chunk -2,0 (slot 2)
[2026-05-06 11:28:57.021] [DEBUG] [WORLD ] Unloaded chunk -2,-2
[2026-05-06 11:28:57.021] [DEBUG] [WORLD ] Unloaded chunk -2,-1
[2026-05-06 11:28:57.021] [DEBUG] [WORLD ] Unloaded chunk -2,0
=== Logger shutdown at Wed May  6 11:29:57 2026


=== Logger initialized at Wed May  6 11:30:39 2026
[2026-05-06 11:30:39.882] [INFO ] [GL    ] Created shader program: shaders/basic.vert + shaders/basic.frag
[2026-05-06 11:30:39.882] [INFO ] [GL    ] Created shader program: shaders/hud.vert + shaders/hud.frag
[2026-05-06 11:30:39.909] [INFO ] [GL    ] Loaded texture: assets/atlas.png (1024x1024)
[2026-05-06 11:30:39.910] [INFO ] [GL    ] Created shader program: shaders/ui.vert + shaders/ui.frag
[2026-05-06 11:30:39.910] [INFO ] [UI    ] UI initialized successfully
[2026-05-06 11:30:39.917] [DEBUG] [WORLD ] Loaded chunk -1,-1 (slot 0)
[2026-05-06 11:30:39.918] [DEBUG] [WORLD ] Loaded chunk -1,0 (slot 1)
[2026-05-06 11:30:39.919] [DEBUG] [WORLD ] Loaded chunk -1,1 (slot 2)
[2026-05-06 11:30:39.920] [DEBUG] [WORLD ] Loaded chunk 0,-1 (slot 3)
[2026-05-06 11:30:39.921] [DEBUG] [WORLD ] Loaded chunk 0,0 (slot 4)
[2026-05-06 11:30:39.921] [DEBUG] [WORLD ] Loaded chunk 0,1 (slot 5)
[2026-05-06 11:30:39.922] [DEBUG] [WORLD ] Loaded chunk 1,-1 (slot 6)
[2026-05-06 11:30:39.922] [DEBUG] [WORLD ] Loaded chunk 1,0 (slot 7)
[2026-05-06 11:30:39.923] [DEBUG] [WORLD ] Loaded chunk 1,1 (slot 8)
[2026-05-06 11:30:39.923] [DEBUG] [WORLD ] Loaded chunk -2,-2 (slot 9)
[2026-05-06 11:30:39.924] [DEBUG] [WORLD ] Loaded chunk -2,-1 (slot 10)
[2026-05-06 11:30:39.925] [DEBUG] [WORLD ] Loaded chunk -2,0 (slot 11)
[2026-05-06 11:30:39.926] [DEBUG] [WORLD ] Unloaded chunk -1,-1
[2026-05-06 11:30:39.926] [DEBUG] [WORLD ] Unloaded chunk -1,0
[2026-05-06 11:30:39.926] [DEBUG] [WORLD ] Unloaded chunk -1,1
[2026-05-06 11:30:39.926] [DEBUG] [WORLD ] Unloaded chunk 0,-1
[2026-05-06 11:30:39.926] [DEBUG] [WORLD ] Unloaded chunk 0,1
[2026-05-06 11:30:39.926] [DEBUG] [WORLD ] Unloaded chunk 1,-1
[2026-05-06 11:30:39.926] [DEBUG] [WORLD ] Unloaded chunk 1,0
[2026-05-06 11:30:39.926] [DEBUG] [WORLD ] Unloaded chunk 1,1
[2026-05-06 11:30:39.926] [DEBUG] [WORLD ] Unloaded chunk -2,-2
[2026-05-06 11:30:39.926] [DEBUG] [WORLD ] Unloaded chunk -2,-1
[2026-05-06 11:30:39.926] [DEBUG] [WORLD ] Unloaded chunk -2,0
[2026-05-06 11:30:47.262] [DEBUG] [WORLD ] Unloaded chunk 0,0
=== Logger shutdown at Wed May  6 11:30:47 2026


=== Logger initialized at Wed May  6 11:34:55 2026
[2026-05-06 11:34:55.610] [INFO ] [GL    ] Created shader program: shaders/basic.vert + shaders/basic.frag
[2026-05-06 11:34:55.610] [INFO ] [GL    ] Created shader program: shaders/hud.vert + shaders/hud.frag
[2026-05-06 11:34:55.637] [INFO ] [GL    ] Loaded texture: assets/atlas.png (1024x1024)
[2026-05-06 11:34:55.638] [INFO ] [GL    ] Created shader program: shaders/ui.vert + shaders/ui.frag
[2026-05-06 11:34:55.638] [INFO ] [UI    ] UI initialized successfully
[2026-05-06 11:34:55.643] [DEBUG] [WORLD ] Loaded chunk -2,-2 (slot 0)
[2026-05-06 11:34:55.644] [DEBUG] [WORLD ] Loaded chunk -2,-1 (slot 1)
[2026-05-06 11:34:55.645] [DEBUG] [WORLD ] Loaded chunk -2,0 (slot 2)
[2026-05-06 11:34:55.645] [DEBUG] [WORLD ] Loaded chunk -2,1 (slot 3)
[2026-05-06 11:34:55.646] [DEBUG] [WORLD ] Loaded chunk -2,2 (slot 4)
[2026-05-06 11:34:55.646] [DEBUG] [WORLD ] Loaded chunk -1,-2 (slot 5)
[2026-05-06 11:34:55.647] [DEBUG] [WORLD ] Loaded chunk -1,-1 (slot 6)
[2026-05-06 11:34:55.647] [DEBUG] [WORLD ] Loaded chunk -1,0 (slot 7)
[2026-05-06 11:34:55.648] [DEBUG] [WORLD ] Loaded chunk -1,1 (slot 8)
[2026-05-06 11:34:55.649] [DEBUG] [WORLD ] Loaded chunk -1,2 (slot 9)
[2026-05-06 11:34:55.650] [DEBUG] [WORLD ] Loaded chunk 0,-2 (slot 10)
[2026-05-06 11:34:55.650] [DEBUG] [WORLD ] Loaded chunk 0,-1 (slot 11)
[2026-05-06 11:34:55.651] [DEBUG] [WORLD ] Loaded chunk 0,0 (slot 12)
[2026-05-06 11:34:55.651] [DEBUG] [WORLD ] Loaded chunk 0,1 (slot 13)
[2026-05-06 11:34:55.652] [DEBUG] [WORLD ] Loaded chunk 0,2 (slot 14)
[2026-05-06 11:34:55.652] [DEBUG] [WORLD ] Loaded chunk 1,-2 (slot 15)
[2026-05-06 11:34:55.653] [DEBUG] [WORLD ] Loaded chunk 1,-1 (slot 16)
[2026-05-06 11:34:55.653] [DEBUG] [WORLD ] Loaded chunk 1,0 (slot 17)
[2026-05-06 11:34:55.654] [DEBUG] [WORLD ] Loaded chunk 1,1 (slot 18)
[2026-05-06 11:34:55.654] [DEBUG] [WORLD ] Loaded chunk 1,2 (slot 19)
[2026-05-06 11:34:55.656] [DEBUG] [WORLD ] Loaded chunk 2,-2 (slot 20)
[2026-05-06 11:34:55.656] [DEBUG] [WORLD ] Loaded chunk 2,-1 (slot 21)
[2026-05-06 11:34:55.657] [DEBUG] [WORLD ] Loaded chunk 2,0 (slot 22)
[2026-05-06 11:34:55.657] [DEBUG] [WORLD ] Loaded chunk 2,1 (slot 23)
[2026-05-06 11:34:55.658] [DEBUG] [WORLD ] Loaded chunk 2,2 (slot 24)
[2026-05-06 11:35:04.743] [DEBUG] [WORLD ] Loaded chunk -3,-3 (slot 25)
[2026-05-06 11:35:04.745] [DEBUG] [WORLD ] Loaded chunk -3,-2 (slot 26)
[2026-05-06 11:35:04.748] [DEBUG] [WORLD ] Loaded chunk -3,-1 (slot 27)
[2026-05-06 11:35:04.751] [DEBUG] [WORLD ] Loaded chunk -3,0 (slot 28)
[2026-05-06 11:35:04.753] [DEBUG] [WORLD ] Loaded chunk -3,1 (slot 29)
[2026-05-06 11:35:04.756] [DEBUG] [WORLD ] Loaded chunk -3,2 (slot 30)
[2026-05-06 11:35:04.757] [DEBUG] [WORLD ] Loaded chunk -3,3 (slot 31)
[2026-05-06 11:35:04.760] [DEBUG] [WORLD ] Loaded chunk -2,-3 (slot 32)
[2026-05-06 11:35:04.762] [DEBUG] [WORLD ] Loaded chunk -2,3 (slot 33)
[2026-05-06 11:35:04.765] [DEBUG] [WORLD ] Loaded chunk -1,-3 (slot 34)
[2026-05-06 11:35:04.766] [DEBUG] [WORLD ] Loaded chunk -1,3 (slot 35)
[2026-05-06 11:35:04.770] [DEBUG] [WORLD ] Loaded chunk 0,-3 (slot 36)
[2026-05-06 11:35:04.771] [DEBUG] [WORLD ] Loaded chunk 0,3 (slot 37)
[2026-05-06 11:35:04.774] [DEBUG] [WORLD ] Loaded chunk 1,-3 (slot 38)
[2026-05-06 11:35:04.776] [DEBUG] [WORLD ] Loaded chunk 1,3 (slot 39)
[2026-05-06 11:35:04.779] [DEBUG] [WORLD ] Loaded chunk 2,-3 (slot 40)
[2026-05-06 11:35:04.781] [DEBUG] [WORLD ] Loaded chunk 2,3 (slot 41)
[2026-05-06 11:35:04.782] [DEBUG] [WORLD ] Loaded chunk 3,-3 (slot 42)
[2026-05-06 11:35:04.784] [DEBUG] [WORLD ] Loaded chunk 3,-2 (slot 43)
[2026-05-06 11:35:04.786] [DEBUG] [WORLD ] Loaded chunk 3,-1 (slot 44)
[2026-05-06 11:35:04.787] [DEBUG] [WORLD ] Loaded chunk 3,0 (slot 45)
[2026-05-06 11:35:04.788] [DEBUG] [WORLD ] Loaded chunk 3,1 (slot 46)
[2026-05-06 11:35:04.791] [DEBUG] [WORLD ] Loaded chunk 3,2 (slot 47)
[2026-05-06 11:35:04.792] [DEBUG] [WORLD ] Loaded chunk 3,3 (slot 48)
[2026-05-06 11:35:04.844] [DEBUG] [WORLD ] Loaded chunk -4,-4 (slot 49)
[2026-05-06 11:35:04.845] [DEBUG] [WORLD ] Loaded chunk -4,-3 (slot 50)
[2026-05-06 11:35:04.848] [DEBUG] [WORLD ] Loaded chunk -4,-2 (slot 51)
[2026-05-06 11:35:04.850] [DEBUG] [WORLD ] Loaded chunk -4,-1 (slot 52)
[2026-05-06 11:35:04.853] [DEBUG] [WORLD ] Loaded chunk -4,0 (slot 53)
[2026-05-06 11:35:04.855] [DEBUG] [WORLD ] Loaded chunk -4,1 (slot 54)
[2026-05-06 11:35:04.857] [DEBUG] [WORLD ] Loaded chunk -4,2 (slot 55)
[2026-05-06 11:35:04.860] [DEBUG] [WORLD ] Loaded chunk -4,3 (slot 56)
[2026-05-06 11:35:04.862] [DEBUG] [WORLD ] Loaded chunk -4,4 (slot 57)
[2026-05-06 11:35:04.864] [DEBUG] [WORLD ] Loaded chunk -3,-4 (slot 58)
[2026-05-06 11:35:04.866] [DEBUG] [WORLD ] Loaded chunk -3,4 (slot 59)
[2026-05-06 11:35:04.869] [DEBUG] [WORLD ] Loaded chunk -2,-4 (slot 60)
[2026-05-06 11:35:04.871] [DEBUG] [WORLD ] Loaded chunk -2,4 (slot 61)
[2026-05-06 11:35:04.872] [DEBUG] [WORLD ] Loaded chunk -1,-4 (slot 62)
[2026-05-06 11:35:04.874] [DEBUG] [WORLD ] Loaded chunk -1,4 (slot 63)
[2026-05-06 11:35:04.876] [DEBUG] [WORLD ] Loaded chunk 0,-4 (slot 64)
[2026-05-06 11:35:04.877] [DEBUG] [WORLD ] Loaded chunk 0,4 (slot 65)
[2026-05-06 11:35:04.878] [DEBUG] [WORLD ] Loaded chunk 1,-4 (slot 66)
[2026-05-06 11:35:04.881] [DEBUG] [WORLD ] Loaded chunk 1,4 (slot 67)
[2026-05-06 11:35:04.883] [DEBUG] [WORLD ] Loaded chunk 2,-4 (slot 68)
[2026-05-06 11:35:04.884] [DEBUG] [WORLD ] Loaded chunk 2,4 (slot 69)
[2026-05-06 11:35:04.884] [DEBUG] [WORLD ] Loaded chunk 3,-4 (slot 70)
[2026-05-06 11:35:04.885] [DEBUG] [WORLD ] Loaded chunk 3,4 (slot 71)
[2026-05-06 11:35:04.888] [DEBUG] [WORLD ] Loaded chunk 4,-4 (slot 72)
[2026-05-06 11:35:04.890] [DEBUG] [WORLD ] Loaded chunk 4,-3 (slot 73)
[2026-05-06 11:35:04.891] [DEBUG] [WORLD ] Loaded chunk 4,-2 (slot 74)
[2026-05-06 11:35:04.892] [DEBUG] [WORLD ] Loaded chunk 4,-1 (slot 75)
[2026-05-06 11:35:04.893] [DEBUG] [WORLD ] Loaded chunk 4,0 (slot 76)
[2026-05-06 11:35:04.895] [DEBUG] [WORLD ] Loaded chunk 4,1 (slot 77)
[2026-05-06 11:35:04.897] [DEBUG] [WORLD ] Loaded chunk 4,2 (slot 78)
[2026-05-06 11:35:04.898] [DEBUG] [WORLD ] Loaded chunk 4,3 (slot 79)
[2026-05-06 11:35:04.899] [DEBUG] [WORLD ] Loaded chunk 4,4 (slot 80)
[2026-05-06 11:35:04.927] [DEBUG] [WORLD ] Loaded chunk -5,-5 (slot 81)
[2026-05-06 11:35:04.928] [DEBUG] [WORLD ] Loaded chunk -5,-4 (slot 82)
[2026-05-06 11:35:04.931] [DEBUG] [WORLD ] Loaded chunk -5,-3 (slot 83)
[2026-05-06 11:35:04.934] [DEBUG] [WORLD ] Loaded chunk -5,-2 (slot 84)
[2026-05-06 11:35:04.936] [DEBUG] [WORLD ] Loaded chunk -5,-1 (slot 85)
[2026-05-06 11:35:04.938] [DEBUG] [WORLD ] Loaded chunk -5,0 (slot 86)
[2026-05-06 11:35:04.940] [DEBUG] [WORLD ] Loaded chunk -5,1 (slot 87)
[2026-05-06 11:35:04.943] [DEBUG] [WORLD ] Loaded chunk -5,2 (slot 88)
[2026-05-06 11:35:04.945] [DEBUG] [WORLD ] Loaded chunk -5,3 (slot 89)
[2026-05-06 11:35:04.948] [DEBUG] [WORLD ] Loaded chunk -5,4 (slot 90)
[2026-05-06 11:35:04.950] [DEBUG] [WORLD ] Loaded chunk -5,5 (slot 91)
[2026-05-06 11:35:04.953] [DEBUG] [WORLD ] Loaded chunk -4,-5 (slot 92)
[2026-05-06 11:35:04.954] [DEBUG] [WORLD ] Loaded chunk -4,5 (slot 93)
[2026-05-06 11:35:04.955] [DEBUG] [WORLD ] Loaded chunk -3,-5 (slot 94)
[2026-05-06 11:35:04.958] [DEBUG] [WORLD ] Loaded chunk -3,5 (slot 95)
[2026-05-06 11:35:04.959] [DEBUG] [WORLD ] Loaded chunk -2,-5 (slot 96)
[2026-05-06 11:35:04.960] [DEBUG] [WORLD ] Loaded chunk -2,5 (slot 97)
[2026-05-06 11:35:04.962] [DEBUG] [WORLD ] Loaded chunk -1,-5 (slot 98)
[2026-05-06 11:35:04.964] [DEBUG] [WORLD ] Loaded chunk -1,5 (slot 99)
[2026-05-06 11:35:04.966] [DEBUG] [WORLD ] Loaded chunk 0,-5 (slot 100)
[2026-05-06 11:35:04.967] [DEBUG] [WORLD ] Loaded chunk 0,5 (slot 101)
[2026-05-06 11:35:04.968] [DEBUG] [WORLD ] Loaded chunk 1,-5 (slot 102)
[2026-05-06 11:35:04.969] [DEBUG] [WORLD ] Loaded chunk 1,5 (slot 103)
[2026-05-06 11:35:04.972] [DEBUG] [WORLD ] Loaded chunk 2,-5 (slot 104)
[2026-05-06 11:35:04.973] [DEBUG] [WORLD ] Loaded chunk 2,5 (slot 105)
[2026-05-06 11:35:04.974] [DEBUG] [WORLD ] Loaded chunk 3,-5 (slot 106)
[2026-05-06 11:35:04.976] [DEBUG] [WORLD ] Loaded chunk 3,5 (slot 107)
[2026-05-06 11:35:04.978] [DEBUG] [WORLD ] Loaded chunk 4,-5 (slot 108)
[2026-05-06 11:35:04.980] [DEBUG] [WORLD ] Loaded chunk 4,5 (slot 109)
[2026-05-06 11:35:04.981] [DEBUG] [WORLD ] Loaded chunk 5,-5 (slot 110)
[2026-05-06 11:35:04.982] [DEBUG] [WORLD ] Loaded chunk 5,-4 (slot 111)
[2026-05-06 11:35:04.983] [DEBUG] [WORLD ] Loaded chunk 5,-3 (slot 112)
[2026-05-06 11:35:04.985] [DEBUG] [WORLD ] Loaded chunk 5,-2 (slot 113)
[2026-05-06 11:35:04.987] [DEBUG] [WORLD ] Loaded chunk 5,-1 (slot 114)
[2026-05-06 11:35:04.988] [DEBUG] [WORLD ] Loaded chunk 5,0 (slot 115)
[2026-05-06 11:35:04.989] [DEBUG] [WORLD ] Loaded chunk 5,1 (slot 116)
[2026-05-06 11:35:04.990] [DEBUG] [WORLD ] Loaded chunk 5,2 (slot 117)
[2026-05-06 11:35:04.992] [DEBUG] [WORLD ] Loaded chunk 5,3 (slot 118)
[2026-05-06 11:35:04.994] [DEBUG] [WORLD ] Loaded chunk 5,4 (slot 119)
[2026-05-06 11:35:04.995] [DEBUG] [WORLD ] Loaded chunk 5,5 (slot 120)
[2026-05-06 11:35:05.027] [DEBUG] [WORLD ] Loaded chunk -7,-7 (slot 121)
[2026-05-06 11:35:05.028] [DEBUG] [WORLD ] Loaded chunk -7,-6 (slot 122)
[2026-05-06 11:35:05.031] [DEBUG] [WORLD ] Loaded chunk -7,-5 (slot 123)
[2026-05-06 11:35:05.034] [DEBUG] [WORLD ] Loaded chunk -7,-4 (slot 124)
[2026-05-06 11:35:05.036] [DEBUG] [WORLD ] Loaded chunk -7,-3 (slot 125)
[2026-05-06 11:35:05.038] [DEBUG] [WORLD ] Loaded chunk -7,-2 (slot 126)
[2026-05-06 11:35:05.041] [DEBUG] [WORLD ] Loaded chunk -7,-1 (slot 127)
[2026-05-06 11:35:05.043] [DEBUG] [WORLD ] Loaded chunk -7,0 (slot 128)
[2026-05-06 11:35:05.045] [DEBUG] [WORLD ] Loaded chunk -7,1 (slot 129)
[2026-05-06 11:35:05.048] [DEBUG] [WORLD ] Loaded chunk -7,2 (slot 130)
[2026-05-06 11:35:05.049] [DEBUG] [WORLD ] Loaded chunk -7,3 (slot 131)
[2026-05-06 11:35:05.052] [DEBUG] [WORLD ] Loaded chunk -7,4 (slot 132)
[2026-05-06 11:35:05.054] [DEBUG] [WORLD ] Loaded chunk -7,5 (slot 133)
[2026-05-06 11:35:05.056] [DEBUG] [WORLD ] Loaded chunk -7,6 (slot 134)
[2026-05-06 11:35:05.058] [DEBUG] [WORLD ] Loaded chunk -7,7 (slot 135)
[2026-05-06 11:35:05.059] [DEBUG] [WORLD ] Loaded chunk -6,-7 (slot 136)
[2026-05-06 11:35:05.102] [DEBUG] [WORLD ] Loaded chunk -6,-6 (slot 137)
[2026-05-06 11:35:05.128] [DEBUG] [WORLD ] Loaded chunk -6,-5 (slot 138)
[2026-05-06 11:35:05.150] [DEBUG] [WORLD ] Loaded chunk -6,-4 (slot 139)
[2026-05-06 11:35:05.165] [DEBUG] [WORLD ] Loaded chunk -6,-3 (slot 140)
[2026-05-06 11:35:05.180] [DEBUG] [WORLD ] Loaded chunk -6,-2 (slot 141)
[2026-05-06 11:35:05.195] [DEBUG] [WORLD ] Loaded chunk -6,-1 (slot 142)
[2026-05-06 11:35:05.209] [DEBUG] [WORLD ] Loaded chunk -6,0 (slot 143)
[2026-05-06 11:35:05.224] [DEBUG] [WORLD ] Loaded chunk -6,1 (slot 144)
[2026-05-06 11:35:05.239] [DEBUG] [WORLD ] Loaded chunk -6,2 (slot 145)
[2026-05-06 11:35:05.248] [DEBUG] [WORLD ] Loaded chunk -6,3 (slot 146)
[2026-05-06 11:35:05.254] [DEBUG] [WORLD ] Loaded chunk -6,4 (slot 147)
[2026-05-06 11:35:05.260] [DEBUG] [WORLD ] Loaded chunk -6,5 (slot 148)
[2026-05-06 11:35:05.267] [DEBUG] [WORLD ] Loaded chunk -6,6 (slot 149)
[2026-05-06 11:35:05.273] [DEBUG] [WORLD ] Loaded chunk -6,7 (slot 150)
[2026-05-06 11:35:05.279] [DEBUG] [WORLD ] Loaded chunk -5,-7 (slot 151)
[2026-05-06 11:35:05.286] [DEBUG] [WORLD ] Loaded chunk -5,-6 (slot 152)
[2026-05-06 11:35:05.292] [DEBUG] [WORLD ] Loaded chunk -5,6 (slot 153)
[2026-05-06 11:35:05.298] [DEBUG] [WORLD ] Loaded chunk -5,7 (slot 154)
[2026-05-06 11:35:05.301] [DEBUG] [WORLD ] Loaded chunk -4,-7 (slot 155)
[2026-05-06 11:35:05.304] [DEBUG] [WORLD ] Loaded chunk -4,-6 (slot 156)
[2026-05-06 11:35:05.306] [DEBUG] [WORLD ] Loaded chunk -4,6 (slot 157)
[2026-05-06 11:35:05.308] [DEBUG] [WORLD ] Loaded chunk -4,7 (slot 158)
[2026-05-06 11:35:05.311] [DEBUG] [WORLD ] Loaded chunk -3,-7 (slot 159)
[2026-05-06 11:35:05.314] [DEBUG] [WORLD ] Loaded chunk -3,-6 (slot 160)
[2026-05-06 11:35:05.316] [DEBUG] [WORLD ] Loaded chunk -3,6 (slot 161)
[2026-05-06 11:35:05.319] [DEBUG] [WORLD ] Loaded chunk -3,7 (slot 162)
[2026-05-06 11:35:05.321] [DEBUG] [WORLD ] Loaded chunk -2,-7 (slot 163)
[2026-05-06 11:35:05.324] [DEBUG] [WORLD ] Loaded chunk -2,-6 (slot 164)
[2026-05-06 11:35:05.327] [DEBUG] [WORLD ] Loaded chunk -2,6 (slot 165)
[2026-05-06 11:35:05.329] [DEBUG] [WORLD ] Loaded chunk -2,7 (slot 166)
[2026-05-06 11:35:05.332] [DEBUG] [WORLD ] Loaded chunk -1,-7 (slot 167)
[2026-05-06 11:35:05.334] [DEBUG] [WORLD ] Loaded chunk -1,-6 (slot 168)
[2026-05-06 11:35:05.337] [DEBUG] [WORLD ] Loaded chunk -1,6 (slot 169)
[2026-05-06 11:35:05.340] [DEBUG] [WORLD ] Loaded chunk -1,7 (slot 170)
[2026-05-06 11:35:05.342] [DEBUG] [WORLD ] Loaded chunk 0,-7 (slot 171)
[2026-05-06 11:35:05.345] [DEBUG] [WORLD ] Loaded chunk 0,-6 (slot 172)
[2026-05-06 11:35:05.347] [DEBUG] [WORLD ] Loaded chunk 0,6 (slot 173)
[2026-05-06 11:35:05.349] [DEBUG] [WORLD ] Loaded chunk 0,7 (slot 174)
[2026-05-06 11:35:05.352] [DEBUG] [WORLD ] Loaded chunk 1,-7 (slot 175)
[2026-05-06 11:35:05.354] [DEBUG] [WORLD ] Loaded chunk 1,-6 (slot 176)
[2026-05-06 11:35:05.356] [DEBUG] [WORLD ] Loaded chunk 1,6 (slot 177)
[2026-05-06 11:35:05.359] [DEBUG] [WORLD ] Loaded chunk 1,7 (slot 178)
[2026-05-06 11:35:05.361] [DEBUG] [WORLD ] Loaded chunk 2,-7 (slot 179)
[2026-05-06 11:35:05.363] [DEBUG] [WORLD ] Loaded chunk 2,-6 (slot 180)
[2026-05-06 11:35:05.366] [DEBUG] [WORLD ] Loaded chunk 2,6 (slot 181)
[2026-05-06 11:35:05.369] [DEBUG] [WORLD ] Loaded chunk 2,7 (slot 182)
[2026-05-06 11:35:05.371] [DEBUG] [WORLD ] Loaded chunk 3,-7 (slot 183)
[2026-05-06 11:35:05.374] [DEBUG] [WORLD ] Loaded chunk 3,-6 (slot 184)
[2026-05-06 11:35:05.376] [DEBUG] [WORLD ] Loaded chunk 3,6 (slot 185)
[2026-05-06 11:35:05.379] [DEBUG] [WORLD ] Loaded chunk 3,7 (slot 186)
[2026-05-06 11:35:05.381] [DEBUG] [WORLD ] Loaded chunk 4,-7 (slot 187)
[2026-05-06 11:35:05.384] [DEBUG] [WORLD ] Loaded chunk 4,-6 (slot 188)
[2026-05-06 11:35:05.387] [DEBUG] [WORLD ] Loaded chunk 4,6 (slot 189)
[2026-05-06 11:35:05.389] [DEBUG] [WORLD ] Loaded chunk 4,7 (slot 190)
[2026-05-06 11:35:05.392] [DEBUG] [WORLD ] Loaded chunk 5,-7 (slot 191)
[2026-05-06 11:35:05.394] [DEBUG] [WORLD ] Loaded chunk 5,-6 (slot 192)
[2026-05-06 11:35:05.397] [DEBUG] [WORLD ] Loaded chunk 5,6 (slot 193)
[2026-05-06 11:35:05.400] [DEBUG] [WORLD ] Loaded chunk 5,7 (slot 194)
[2026-05-06 11:35:05.402] [DEBUG] [WORLD ] Loaded chunk 6,-7 (slot 195)
[2026-05-06 11:35:05.404] [DEBUG] [WORLD ] Loaded chunk 6,-6 (slot 196)
[2026-05-06 11:35:05.407] [DEBUG] [WORLD ] Loaded chunk 6,-5 (slot 197)
[2026-05-06 11:35:05.409] [DEBUG] [WORLD ] Loaded chunk 6,-4 (slot 198)
[2026-05-06 11:35:05.411] [DEBUG] [WORLD ] Loaded chunk 6,-3 (slot 199)
[2026-05-06 11:35:05.414] [DEBUG] [WORLD ] Loaded chunk 6,-2 (slot 200)
[2026-05-06 11:35:05.416] [DEBUG] [WORLD ] Loaded chunk 6,-1 (slot 201)
[2026-05-06 11:35:05.418] [DEBUG] [WORLD ] Loaded chunk 6,0 (slot 202)
[2026-05-06 11:35:05.421] [DEBUG] [WORLD ] Loaded chunk 6,1 (slot 203)
[2026-05-06 11:35:05.423] [DEBUG] [WORLD ] Loaded chunk 6,2 (slot 204)
[2026-05-06 11:35:05.426] [DEBUG] [WORLD ] Loaded chunk 6,3 (slot 205)
[2026-05-06 11:35:05.428] [DEBUG] [WORLD ] Loaded chunk 6,4 (slot 206)
[2026-05-06 11:35:05.431] [DEBUG] [WORLD ] Loaded chunk 6,5 (slot 207)
[2026-05-06 11:35:05.433] [DEBUG] [WORLD ] Loaded chunk 6,6 (slot 208)
[2026-05-06 11:35:05.435] [DEBUG] [WORLD ] Loaded chunk 6,7 (slot 209)
[2026-05-06 11:35:05.438] [DEBUG] [WORLD ] Loaded chunk 7,-7 (slot 210)
[2026-05-06 11:35:05.440] [DEBUG] [WORLD ] Loaded chunk 7,-6 (slot 211)
[2026-05-06 11:35:05.442] [DEBUG] [WORLD ] Loaded chunk 7,-5 (slot 212)
[2026-05-06 11:35:05.445] [DEBUG] [WORLD ] Loaded chunk 7,-4 (slot 213)
[2026-05-06 11:35:05.447] [DEBUG] [WORLD ] Loaded chunk 7,-3 (slot 214)
[2026-05-06 11:35:05.450] [DEBUG] [WORLD ] Loaded chunk 7,-2 (slot 215)
[2026-05-06 11:35:05.452] [DEBUG] [WORLD ] Loaded chunk 7,-1 (slot 216)
[2026-05-06 11:35:05.455] [DEBUG] [WORLD ] Loaded chunk 7,0 (slot 217)
[2026-05-06 11:35:05.458] [DEBUG] [WORLD ] Loaded chunk 7,1 (slot 218)
[2026-05-06 11:35:05.460] [DEBUG] [WORLD ] Loaded chunk 7,2 (slot 219)
[2026-05-06 11:35:05.463] [DEBUG] [WORLD ] Loaded chunk 7,3 (slot 220)
[2026-05-06 11:35:05.466] [DEBUG] [WORLD ] Loaded chunk 7,4 (slot 221)
[2026-05-06 11:35:05.468] [DEBUG] [WORLD ] Loaded chunk 7,5 (slot 222)
[2026-05-06 11:35:05.471] [DEBUG] [WORLD ] Loaded chunk 7,6 (slot 223)
[2026-05-06 11:35:05.473] [DEBUG] [WORLD ] Loaded chunk 7,7 (slot 224)
[2026-05-06 11:35:05.493] [DEBUG] [WORLD ] Loaded chunk -8,-8 (slot 225)
[2026-05-06 11:35:05.504] [DEBUG] [WORLD ] Loaded chunk -8,-7 (slot 226)
[2026-05-06 11:35:05.508] [DEBUG] [WORLD ] Loaded chunk -8,-6 (slot 227)
[2026-05-06 11:35:05.511] [DEBUG] [WORLD ] Loaded chunk -8,-5 (slot 228)
[2026-05-06 11:35:05.515] [DEBUG] [WORLD ] Loaded chunk -8,-4 (slot 229)
[2026-05-06 11:35:05.517] [DEBUG] [WORLD ] Loaded chunk -8,-3 (slot 230)
[2026-05-06 11:35:05.519] [DEBUG] [WORLD ] Loaded chunk -8,-2 (slot 231)
[2026-05-06 11:35:05.520] [DEBUG] [WORLD ] Loaded chunk -8,-1 (slot 232)
[2026-05-06 11:35:05.522] [DEBUG] [WORLD ] Loaded chunk -8,0 (slot 233)
[2026-05-06 11:35:05.525] [DEBUG] [WORLD ] Loaded chunk -8,1 (slot 234)
[2026-05-06 11:35:05.527] [DEBUG] [WORLD ] Loaded chunk -8,2 (slot 235)
[2026-05-06 11:35:05.529] [DEBUG] [WORLD ] Loaded chunk -8,3 (slot 236)
[2026-05-06 11:35:05.532] [DEBUG] [WORLD ] Loaded chunk -8,4 (slot 237)
[2026-05-06 11:35:05.534] [DEBUG] [WORLD ] Loaded chunk -8,5 (slot 238)
[2026-05-06 11:35:05.536] [DEBUG] [WORLD ] Loaded chunk -8,6 (slot 239)
[2026-05-06 11:35:05.539] [DEBUG] [WORLD ] Loaded chunk -8,7 (slot 240)
[2026-05-06 11:35:05.541] [DEBUG] [WORLD ] Loaded chunk -8,8 (slot 241)
[2026-05-06 11:35:05.544] [DEBUG] [WORLD ] Loaded chunk -7,-8 (slot 242)
[2026-05-06 11:35:05.546] [DEBUG] [WORLD ] Loaded chunk -7,8 (slot 243)
[2026-05-06 11:35:05.548] [DEBUG] [WORLD ] Loaded chunk -6,-8 (slot 244)
[2026-05-06 11:35:05.550] [DEBUG] [WORLD ] Loaded chunk -6,8 (slot 245)
[2026-05-06 11:35:05.553] [DEBUG] [WORLD ] Loaded chunk -5,-8 (slot 246)
[2026-05-06 11:35:05.555] [DEBUG] [WORLD ] Loaded chunk -5,8 (slot 247)
[2026-05-06 11:35:05.557] [DEBUG] [WORLD ] Loaded chunk -4,-8 (slot 248)
[2026-05-06 11:35:05.560] [DEBUG] [WORLD ] Loaded chunk -4,8 (slot 249)
[2026-05-06 11:35:05.562] [DEBUG] [WORLD ] Loaded chunk -3,-8 (slot 250)
[2026-05-06 11:35:05.564] [DEBUG] [WORLD ] Loaded chunk -3,8 (slot 251)
[2026-05-06 11:35:05.567] [DEBUG] [WORLD ] Loaded chunk -2,-8 (slot 252)
[2026-05-06 11:35:05.569] [DEBUG] [WORLD ] Loaded chunk -2,8 (slot 253)
[2026-05-06 11:35:05.571] [DEBUG] [WORLD ] Loaded chunk -1,-8 (slot 254)
[2026-05-06 11:35:05.572] [DEBUG] [WORLD ] Loaded chunk -1,8 (slot 255)
[2026-05-06 11:35:05.575] [DEBUG] [WORLD ] Loaded chunk 0,-8 (slot 256)
[2026-05-06 11:35:05.577] [DEBUG] [WORLD ] Loaded chunk 0,8 (slot 257)
[2026-05-06 11:35:05.578] [DEBUG] [WORLD ] Loaded chunk 1,-8 (slot 258)
[2026-05-06 11:35:05.580] [DEBUG] [WORLD ] Loaded chunk 1,8 (slot 259)
[2026-05-06 11:35:05.582] [DEBUG] [WORLD ] Loaded chunk 2,-8 (slot 260)
[2026-05-06 11:35:05.584] [DEBUG] [WORLD ] Loaded chunk 2,8 (slot 261)
[2026-05-06 11:35:05.586] [DEBUG] [WORLD ] Loaded chunk 3,-8 (slot 262)
[2026-05-06 11:35:05.588] [DEBUG] [WORLD ] Loaded chunk 3,8 (slot 263)
[2026-05-06 11:35:05.590] [DEBUG] [WORLD ] Loaded chunk 4,-8 (slot 264)
[2026-05-06 11:35:05.592] [DEBUG] [WORLD ] Loaded chunk 4,8 (slot 265)
[2026-05-06 11:35:05.595] [DEBUG] [WORLD ] Loaded chunk 5,-8 (slot 266)
[2026-05-06 11:35:05.597] [DEBUG] [WORLD ] Loaded chunk 5,8 (slot 267)
[2026-05-06 11:35:05.600] [DEBUG] [WORLD ] Loaded chunk 6,-8 (slot 268)
[2026-05-06 11:35:05.602] [DEBUG] [WORLD ] Loaded chunk 6,8 (slot 269)
[2026-05-06 11:35:05.604] [DEBUG] [WORLD ] Loaded chunk 7,-8 (slot 270)
[2026-05-06 11:35:05.607] [DEBUG] [WORLD ] Loaded chunk 7,8 (slot 271)
[2026-05-06 11:35:05.609] [DEBUG] [WORLD ] Loaded chunk 8,-8 (slot 272)
[2026-05-06 11:35:05.611] [DEBUG] [WORLD ] Loaded chunk 8,-7 (slot 273)
[2026-05-06 11:35:05.613] [DEBUG] [WORLD ] Loaded chunk 8,-6 (slot 274)
[2026-05-06 11:35:05.616] [DEBUG] [WORLD ] Loaded chunk 8,-5 (slot 275)
[2026-05-06 11:35:05.618] [DEBUG] [WORLD ] Loaded chunk 8,-4 (slot 276)
[2026-05-06 11:35:05.620] [DEBUG] [WORLD ] Loaded chunk 8,-3 (slot 277)
[2026-05-06 11:35:05.622] [DEBUG] [WORLD ] Loaded chunk 8,-2 (slot 278)
[2026-05-06 11:35:05.624] [DEBUG] [WORLD ] Loaded chunk 8,-1 (slot 279)
[2026-05-06 11:35:05.627] [DEBUG] [WORLD ] Loaded chunk 8,0 (slot 280)
[2026-05-06 11:35:05.629] [DEBUG] [WORLD ] Loaded chunk 8,1 (slot 281)
[2026-05-06 11:35:05.632] [DEBUG] [WORLD ] Loaded chunk 8,2 (slot 282)
[2026-05-06 11:35:05.634] [DEBUG] [WORLD ] Loaded chunk 8,3 (slot 283)
[2026-05-06 11:35:05.637] [DEBUG] [WORLD ] Loaded chunk 8,4 (slot 284)
[2026-05-06 11:35:05.639] [DEBUG] [WORLD ] Loaded chunk 8,5 (slot 285)
[2026-05-06 11:35:05.642] [DEBUG] [WORLD ] Loaded chunk 8,6 (slot 286)
[2026-05-06 11:35:05.644] [DEBUG] [WORLD ] Loaded chunk 8,7 (slot 287)
[2026-05-06 11:35:05.646] [DEBUG] [WORLD ] Loaded chunk 8,8 (slot 288)
[2026-05-06 11:35:12.277] [DEBUG] [WORLD ] Unloaded chunk -8,8
[2026-05-06 11:35:12.277] [DEBUG] [WORLD ] Unloaded chunk -7,8
[2026-05-06 11:35:12.277] [DEBUG] [WORLD ] Unloaded chunk -6,8
[2026-05-06 11:35:12.277] [DEBUG] [WORLD ] Unloaded chunk -5,8
[2026-05-06 11:35:12.277] [DEBUG] [WORLD ] Unloaded chunk -4,8
[2026-05-06 11:35:12.277] [DEBUG] [WORLD ] Unloaded chunk -3,8
[2026-05-06 11:35:12.277] [DEBUG] [WORLD ] Unloaded chunk -2,8
[2026-05-06 11:35:12.277] [DEBUG] [WORLD ] Unloaded chunk -1,8
[2026-05-06 11:35:12.277] [DEBUG] [WORLD ] Unloaded chunk 0,8
[2026-05-06 11:35:12.277] [DEBUG] [WORLD ] Unloaded chunk 1,8
[2026-05-06 11:35:12.277] [DEBUG] [WORLD ] Unloaded chunk 2,8
[2026-05-06 11:35:12.277] [DEBUG] [WORLD ] Unloaded chunk 3,8
[2026-05-06 11:35:12.278] [DEBUG] [WORLD ] Unloaded chunk 4,8
[2026-05-06 11:35:12.278] [DEBUG] [WORLD ] Unloaded chunk 5,8
[2026-05-06 11:35:12.278] [DEBUG] [WORLD ] Unloaded chunk 6,8
[2026-05-06 11:35:12.278] [DEBUG] [WORLD ] Unloaded chunk 7,8
[2026-05-06 11:35:12.278] [DEBUG] [WORLD ] Unloaded chunk 8,8
[2026-05-06 11:35:12.324] [DEBUG] [WORLD ] Loaded chunk -8,-11 (slot 241)
[2026-05-06 11:35:12.331] [DEBUG] [WORLD ] Loaded chunk -8,-10 (slot 243)
[2026-05-06 11:35:12.337] [DEBUG] [WORLD ] Loaded chunk -8,-9 (slot 245)
[2026-05-06 11:35:12.343] [DEBUG] [WORLD ] Loaded chunk -7,-11 (slot 247)
[2026-05-06 11:35:12.350] [DEBUG] [WORLD ] Loaded chunk -7,-10 (slot 249)
[2026-05-06 11:35:12.356] [DEBUG] [WORLD ] Loaded chunk -7,-9 (slot 251)
[2026-05-06 11:35:12.362] [DEBUG] [WORLD ] Loaded chunk -6,-11 (slot 253)
[2026-05-06 11:35:12.369] [DEBUG] [WORLD ] Loaded chunk -6,-10 (slot 255)
[2026-05-06 11:35:12.375] [DEBUG] [WORLD ] Loaded chunk -6,-9 (slot 257)
[2026-05-06 11:35:12.381] [DEBUG] [WORLD ] Loaded chunk -5,-11 (slot 259)
[2026-05-06 11:35:12.388] [DEBUG] [WORLD ] Loaded chunk -5,-10 (slot 261)
[2026-05-06 11:35:12.394] [DEBUG] [WORLD ] Loaded chunk -5,-9 (slot 263)
[2026-05-06 11:35:12.401] [DEBUG] [WORLD ] Loaded chunk -4,-11 (slot 265)
[2026-05-06 11:35:12.407] [DEBUG] [WORLD ] Loaded chunk -4,-10 (slot 267)
[2026-05-06 11:35:12.413] [DEBUG] [WORLD ] Loaded chunk -4,-9 (slot 269)
[2026-05-06 11:35:12.419] [DEBUG] [WORLD ] Loaded chunk -3,-11 (slot 271)
[2026-05-06 11:35:12.426] [DEBUG] [WORLD ] Loaded chunk -3,-10 (slot 288)
[2026-05-06 11:35:13.877] [DEBUG] [WORLD ] Unloaded chunk -7,7
[2026-05-06 11:35:13.877] [DEBUG] [WORLD ] Unloaded chunk -6,7
[2026-05-06 11:35:13.877] [DEBUG] [WORLD ] Unloaded chunk -5,7
[2026-05-06 11:35:13.877] [DEBUG] [WORLD ] Unloaded chunk -4,7
[2026-05-06 11:35:13.877] [DEBUG] [WORLD ] Unloaded chunk -3,7
[2026-05-06 11:35:13.877] [DEBUG] [WORLD ] Unloaded chunk -2,7
[2026-05-06 11:35:13.877] [DEBUG] [WORLD ] Unloaded chunk -1,7
[2026-05-06 11:35:13.877] [DEBUG] [WORLD ] Unloaded chunk 0,7
[2026-05-06 11:35:13.877] [DEBUG] [WORLD ] Unloaded chunk 1,7
[2026-05-06 11:35:13.877] [DEBUG] [WORLD ] Unloaded chunk 2,7
[2026-05-06 11:35:13.878] [DEBUG] [WORLD ] Unloaded chunk 3,7
[2026-05-06 11:35:13.878] [DEBUG] [WORLD ] Unloaded chunk 4,7
[2026-05-06 11:35:13.878] [DEBUG] [WORLD ] Unloaded chunk 5,7
[2026-05-06 11:35:13.878] [DEBUG] [WORLD ] Unloaded chunk 6,7
[2026-05-06 11:35:13.878] [DEBUG] [WORLD ] Unloaded chunk 7,7
[2026-05-06 11:35:13.878] [DEBUG] [WORLD ] Unloaded chunk -8,7
[2026-05-06 11:35:13.878] [DEBUG] [WORLD ] Unloaded chunk 8,7
[2026-05-06 11:35:13.916] [DEBUG] [WORLD ] Loaded chunk -8,-12 (slot 135)
[2026-05-06 11:35:13.923] [DEBUG] [WORLD ] Loaded chunk -7,-12 (slot 150)
[2026-05-06 11:35:13.929] [DEBUG] [WORLD ] Loaded chunk -6,-12 (slot 154)
[2026-05-06 11:35:13.935] [DEBUG] [WORLD ] Loaded chunk -5,-12 (slot 158)
[2026-05-06 11:35:13.942] [DEBUG] [WORLD ] Loaded chunk -4,-12 (slot 162)
[2026-05-06 11:35:13.948] [DEBUG] [WORLD ] Loaded chunk -3,-12 (slot 166)
[2026-05-06 11:35:13.954] [DEBUG] [WORLD ] Loaded chunk -3,-9 (slot 170)
[2026-05-06 11:35:13.960] [DEBUG] [WORLD ] Loaded chunk -2,-12 (slot 174)
[2026-05-06 11:35:13.967] [DEBUG] [WORLD ] Loaded chunk -2,-11 (slot 178)
[2026-05-06 11:35:13.973] [DEBUG] [WORLD ] Loaded chunk -2,-10 (slot 182)
[2026-05-06 11:35:13.979] [DEBUG] [WORLD ] Loaded chunk -2,-9 (slot 186)
[2026-05-06 11:35:13.983] [DEBUG] [WORLD ] Loaded chunk -1,-12 (slot 190)
[2026-05-06 11:35:13.990] [DEBUG] [WORLD ] Loaded chunk -1,-11 (slot 194)
[2026-05-06 11:35:13.996] [DEBUG] [WORLD ] Loaded chunk -1,-10 (slot 209)
[2026-05-06 11:35:14.002] [DEBUG] [WORLD ] Loaded chunk -1,-9 (slot 224)
[2026-05-06 11:35:14.008] [DEBUG] [WORLD ] Loaded chunk 0,-12 (slot 240)
[2026-05-06 11:35:14.015] [DEBUG] [WORLD ] Loaded chunk 0,-11 (slot 287)
[2026-05-06 11:35:14.410] [DEBUG] [WORLD ] Unloaded chunk -7,6
[2026-05-06 11:35:14.410] [DEBUG] [WORLD ] Unloaded chunk -6,6
[2026-05-06 11:35:14.410] [DEBUG] [WORLD ] Unloaded chunk -5,6
[2026-05-06 11:35:14.411] [DEBUG] [WORLD ] Unloaded chunk -4,6
[2026-05-06 11:35:14.411] [DEBUG] [WORLD ] Unloaded chunk -3,6
[2026-05-06 11:35:14.411] [DEBUG] [WORLD ] Unloaded chunk -2,6
[2026-05-06 11:35:14.411] [DEBUG] [WORLD ] Unloaded chunk -1,6
[2026-05-06 11:35:14.411] [DEBUG] [WORLD ] Unloaded chunk 0,6
[2026-05-06 11:35:14.411] [DEBUG] [WORLD ] Unloaded chunk 1,6
[2026-05-06 11:35:14.411] [DEBUG] [WORLD ] Unloaded chunk 2,6
[2026-05-06 11:35:14.411] [DEBUG] [WORLD ] Unloaded chunk 3,6
[2026-05-06 11:35:14.411] [DEBUG] [WORLD ] Unloaded chunk 4,6
[2026-05-06 11:35:14.411] [DEBUG] [WORLD ] Unloaded chunk 5,6
[2026-05-06 11:35:14.411] [DEBUG] [WORLD ] Unloaded chunk 6,6
[2026-05-06 11:35:14.411] [DEBUG] [WORLD ] Unloaded chunk 7,6
[2026-05-06 11:35:14.411] [DEBUG] [WORLD ] Unloaded chunk -8,6
[2026-05-06 11:35:14.411] [DEBUG] [WORLD ] Unloaded chunk 8,6
[2026-05-06 11:35:14.456] [DEBUG] [WORLD ] Loaded chunk -9,-13 (slot 134)
[2026-05-06 11:35:14.463] [DEBUG] [WORLD ] Loaded chunk -9,-12 (slot 149)
[2026-05-06 11:35:14.469] [DEBUG] [WORLD ] Loaded chunk -9,-11 (slot 153)
[2026-05-06 11:35:14.475] [DEBUG] [WORLD ] Loaded chunk -9,-10 (slot 157)
[2026-05-06 11:35:14.481] [DEBUG] [WORLD ] Loaded chunk -9,-9 (slot 161)
[2026-05-06 11:35:14.487] [DEBUG] [WORLD ] Loaded chunk -9,-8 (slot 165)
[2026-05-06 11:35:14.494] [DEBUG] [WORLD ] Loaded chunk -9,-7 (slot 169)
[2026-05-06 11:35:14.500] [DEBUG] [WORLD ] Loaded chunk -9,-6 (slot 173)
[2026-05-06 11:35:14.506] [DEBUG] [WORLD ] Loaded chunk -9,-5 (slot 177)
[2026-05-06 11:35:14.510] [DEBUG] [WORLD ] Loaded chunk -9,-4 (slot 181)
[2026-05-06 11:35:14.516] [DEBUG] [WORLD ] Loaded chunk -9,-3 (slot 185)
[2026-05-06 11:35:14.520] [DEBUG] [WORLD ] Loaded chunk -9,-2 (slot 189)
[2026-05-06 11:35:14.523] [DEBUG] [WORLD ] Loaded chunk -9,-1 (slot 193)
[2026-05-06 11:35:14.527] [DEBUG] [WORLD ] Loaded chunk -9,0 (slot 208)
[2026-05-06 11:35:14.534] [DEBUG] [WORLD ] Loaded chunk -9,1 (slot 223)
[2026-05-06 11:35:14.537] [DEBUG] [WORLD ] Loaded chunk -9,2 (slot 239)
[2026-05-06 11:35:14.541] [DEBUG] [WORLD ] Loaded chunk -9,3 (slot 286)
[2026-05-06 11:35:14.944] [DEBUG] [WORLD ] Unloaded chunk -5,5
[2026-05-06 11:35:14.944] [DEBUG] [WORLD ] Unloaded chunk -4,5
[2026-05-06 11:35:14.944] [DEBUG] [WORLD ] Unloaded chunk -3,5
[2026-05-06 11:35:14.944] [DEBUG] [WORLD ] Unloaded chunk -2,5
[2026-05-06 11:35:14.944] [DEBUG] [WORLD ] Unloaded chunk -1,5
[2026-05-06 11:35:14.944] [DEBUG] [WORLD ] Unloaded chunk 0,5
[2026-05-06 11:35:14.944] [DEBUG] [WORLD ] Unloaded chunk 1,5
[2026-05-06 11:35:14.944] [DEBUG] [WORLD ] Unloaded chunk 2,5
[2026-05-06 11:35:14.944] [DEBUG] [WORLD ] Unloaded chunk 3,5
[2026-05-06 11:35:14.944] [DEBUG] [WORLD ] Unloaded chunk 4,5
[2026-05-06 11:35:14.944] [DEBUG] [WORLD ] Unloaded chunk 5,5
[2026-05-06 11:35:14.944] [DEBUG] [WORLD ] Unloaded chunk -7,5
[2026-05-06 11:35:14.944] [DEBUG] [WORLD ] Unloaded chunk -6,5
[2026-05-06 11:35:14.944] [DEBUG] [WORLD ] Unloaded chunk 6,5
[2026-05-06 11:35:14.944] [DEBUG] [WORLD ] Unloaded chunk 7,5
[2026-05-06 11:35:14.944] [DEBUG] [WORLD ] Unloaded chunk -8,5
[2026-05-06 11:35:14.944] [DEBUG] [WORLD ] Unloaded chunk 8,5
[2026-05-06 11:35:14.985] [DEBUG] [WORLD ] Loaded chunk -9,-14 (slot 91)
[2026-05-06 11:35:14.989] [DEBUG] [WORLD ] Loaded chunk -8,-14 (slot 93)
[2026-05-06 11:35:14.993] [DEBUG] [WORLD ] Loaded chunk -8,-13 (slot 95)
[2026-05-06 11:35:14.997] [DEBUG] [WORLD ] Loaded chunk -7,-14 (slot 97)
[2026-05-06 11:35:15.004] [DEBUG] [WORLD ] Loaded chunk -7,-13 (slot 99)
[2026-05-06 11:35:15.008] [DEBUG] [WORLD ] Loaded chunk -6,-14 (slot 101)
[2026-05-06 11:35:15.014] [DEBUG] [WORLD ] Loaded chunk -6,-13 (slot 103)
[2026-05-06 11:35:15.017] [DEBUG] [WORLD ] Loaded chunk -5,-14 (slot 105)
[2026-05-06 11:35:15.023] [DEBUG] [WORLD ] Loaded chunk -5,-13 (slot 107)
[2026-05-06 11:35:15.029] [DEBUG] [WORLD ] Loaded chunk -4,-14 (slot 109)
[2026-05-06 11:35:15.033] [DEBUG] [WORLD ] Loaded chunk -4,-13 (slot 120)
[2026-05-06 11:35:15.040] [DEBUG] [WORLD ] Loaded chunk -3,-14 (slot 133)
[2026-05-06 11:35:15.043] [DEBUG] [WORLD ] Loaded chunk -3,-13 (slot 148)
[2026-05-06 11:35:15.049] [DEBUG] [WORLD ] Loaded chunk -2,-14 (slot 207)
[2026-05-06 11:35:15.052] [DEBUG] [WORLD ] Loaded chunk -2,-13 (slot 222)
[2026-05-06 11:35:15.056] [DEBUG] [WORLD ] Loaded chunk -1,-14 (slot 238)
[2026-05-06 11:35:15.062] [DEBUG] [WORLD ] Loaded chunk -1,-13 (slot 285)
[2026-05-06 11:35:15.494] [DEBUG] [WORLD ] Unloaded chunk -4,4
[2026-05-06 11:35:15.494] [DEBUG] [WORLD ] Unloaded chunk -3,4
[2026-05-06 11:35:15.494] [DEBUG] [WORLD ] Unloaded chunk -2,4
[2026-05-06 11:35:15.494] [DEBUG] [WORLD ] Unloaded chunk -1,4
[2026-05-06 11:35:15.494] [DEBUG] [WORLD ] Unloaded chunk 0,4
[2026-05-06 11:35:15.494] [DEBUG] [WORLD ] Unloaded chunk 1,4
[2026-05-06 11:35:15.494] [DEBUG] [WORLD ] Unloaded chunk 2,4
[2026-05-06 11:35:15.494] [DEBUG] [WORLD ] Unloaded chunk 3,4
[2026-05-06 11:35:15.494] [DEBUG] [WORLD ] Unloaded chunk 4,4
[2026-05-06 11:35:15.494] [DEBUG] [WORLD ] Unloaded chunk -5,4
[2026-05-06 11:35:15.494] [DEBUG] [WORLD ] Unloaded chunk 5,4
[2026-05-06 11:35:15.494] [DEBUG] [WORLD ] Unloaded chunk -7,4
[2026-05-06 11:35:15.495] [DEBUG] [WORLD ] Unloaded chunk -6,4
[2026-05-06 11:35:15.495] [DEBUG] [WORLD ] Unloaded chunk 6,4
[2026-05-06 11:35:15.495] [DEBUG] [WORLD ] Unloaded chunk 7,4
[2026-05-06 11:35:15.495] [DEBUG] [WORLD ] Unloaded chunk -8,4
[2026-05-06 11:35:15.495] [DEBUG] [WORLD ] Unloaded chunk 8,4
[2026-05-06 11:35:15.532] [DEBUG] [WORLD ] Loaded chunk -8,-15 (slot 57)
[2026-05-06 11:35:15.536] [DEBUG] [WORLD ] Loaded chunk -7,-15 (slot 59)
[2026-05-06 11:35:15.540] [DEBUG] [WORLD ] Loaded chunk -6,-15 (slot 61)
[2026-05-06 11:35:15.547] [DEBUG] [WORLD ] Loaded chunk -5,-15 (slot 63)
[2026-05-06 11:35:15.553] [DEBUG] [WORLD ] Loaded chunk -4,-15 (slot 65)
[2026-05-06 11:35:15.559] [DEBUG] [WORLD ] Loaded chunk -3,-15 (slot 67)
[2026-05-06 11:35:15.563] [DEBUG] [WORLD ] Loaded chunk -2,-15 (slot 69)
[2026-05-06 11:35:15.569] [DEBUG] [WORLD ] Loaded chunk -1,-15 (slot 71)
[2026-05-06 11:35:15.575] [DEBUG] [WORLD ] Loaded chunk 0,-15 (slot 80)
[2026-05-06 11:35:15.581] [DEBUG] [WORLD ] Loaded chunk 0,-14 (slot 90)
[2026-05-06 11:35:15.587] [DEBUG] [WORLD ] Loaded chunk 0,-13 (slot 119)
[2026-05-06 11:35:15.593] [DEBUG] [WORLD ] Loaded chunk 0,-10 (slot 132)
[2026-05-06 11:35:15.598] [DEBUG] [WORLD ] Loaded chunk 0,-9 (slot 147)
[2026-05-06 11:35:15.600] [DEBUG] [WORLD ] Loaded chunk 1,-15 (slot 206)
[2026-05-06 11:35:15.607] [DEBUG] [WORLD ] Loaded chunk 1,-14 (slot 221)
[2026-05-06 11:35:15.613] [DEBUG] [WORLD ] Loaded chunk 1,-13 (slot 237)
[2026-05-06 11:35:15.619] [DEBUG] [WORLD ] Loaded chunk 1,-12 (slot 284)
[2026-05-06 11:35:16.044] [DEBUG] [WORLD ] Unloaded chunk -3,3
[2026-05-06 11:35:16.044] [DEBUG] [WORLD ] Unloaded chunk -2,3
[2026-05-06 11:35:16.044] [DEBUG] [WORLD ] Unloaded chunk -1,3
[2026-05-06 11:35:16.044] [DEBUG] [WORLD ] Unloaded chunk 0,3
[2026-05-06 11:35:16.044] [DEBUG] [WORLD ] Unloaded chunk 1,3
[2026-05-06 11:35:16.044] [DEBUG] [WORLD ] Unloaded chunk 2,3
[2026-05-06 11:35:16.044] [DEBUG] [WORLD ] Unloaded chunk 3,3
[2026-05-06 11:35:16.044] [DEBUG] [WORLD ] Unloaded chunk -4,3
[2026-05-06 11:35:16.044] [DEBUG] [WORLD ] Unloaded chunk 4,3
[2026-05-06 11:35:16.044] [DEBUG] [WORLD ] Unloaded chunk -5,3
[2026-05-06 11:35:16.044] [DEBUG] [WORLD ] Unloaded chunk 5,3
[2026-05-06 11:35:16.044] [DEBUG] [WORLD ] Unloaded chunk -7,3
[2026-05-06 11:35:16.044] [DEBUG] [WORLD ] Unloaded chunk -6,3
[2026-05-06 11:35:16.044] [DEBUG] [WORLD ] Unloaded chunk 6,3
[2026-05-06 11:35:16.044] [DEBUG] [WORLD ] Unloaded chunk 7,3
[2026-05-06 11:35:16.044] [DEBUG] [WORLD ] Unloaded chunk -8,3
[2026-05-06 11:35:16.045] [DEBUG] [WORLD ] Unloaded chunk 8,3
[2026-05-06 11:35:16.045] [DEBUG] [WORLD ] Unloaded chunk -9,3
[2026-05-06 11:35:16.101] [DEBUG] [WORLD ] Loaded chunk -8,-16 (slot 31)
[2026-05-06 11:35:16.106] [DEBUG] [WORLD ] Loaded chunk -7,-16 (slot 33)
[2026-05-06 11:35:16.112] [DEBUG] [WORLD ] Loaded chunk -6,-16 (slot 35)
[2026-05-06 11:35:16.119] [DEBUG] [WORLD ] Loaded chunk -5,-16 (slot 37)
[2026-05-06 11:35:16.125] [DEBUG] [WORLD ] Loaded chunk -4,-16 (slot 39)
[2026-05-06 11:35:16.131] [DEBUG] [WORLD ] Loaded chunk -3,-16 (slot 41)
[2026-05-06 11:35:16.135] [DEBUG] [WORLD ] Loaded chunk -2,-16 (slot 48)
[2026-05-06 11:35:16.141] [DEBUG] [WORLD ] Loaded chunk -1,-16 (slot 56)
[2026-05-06 11:35:16.148] [DEBUG] [WORLD ] Loaded chunk 0,-16 (slot 79)
[2026-05-06 11:35:16.154] [DEBUG] [WORLD ] Loaded chunk 1,-16 (slot 89)
[2026-05-06 11:35:16.160] [DEBUG] [WORLD ] Loaded chunk 1,-11 (slot 118)
[2026-05-06 11:35:16.163] [DEBUG] [WORLD ] Loaded chunk 1,-10 (slot 131)
[2026-05-06 11:35:16.169] [DEBUG] [WORLD ] Loaded chunk 1,-9 (slot 146)
[2026-05-06 11:35:16.175] [DEBUG] [WORLD ] Loaded chunk 2,-16 (slot 205)
[2026-05-06 11:35:16.181] [DEBUG] [WORLD ] Loaded chunk 2,-15 (slot 220)
[2026-05-06 11:35:16.184] [DEBUG] [WORLD ] Loaded chunk 2,-14 (slot 236)
[2026-05-06 11:35:16.191] [DEBUG] [WORLD ] Loaded chunk 2,-13 (slot 283)
[2026-05-06 11:35:16.197] [DEBUG] [WORLD ] Loaded chunk 2,-12 (slot 286)
[2026-05-06 11:35:16.777] [DEBUG] [WORLD ] Unloaded chunk -2,2
[2026-05-06 11:35:16.777] [DEBUG] [WORLD ] Unloaded chunk -1,2
[2026-05-06 11:35:16.777] [DEBUG] [WORLD ] Unloaded chunk 0,2
[2026-05-06 11:35:16.777] [DEBUG] [WORLD ] Unloaded chunk 1,2
[2026-05-06 11:35:16.777] [DEBUG] [WORLD ] Unloaded chunk 2,2
[2026-05-06 11:35:16.777] [DEBUG] [WORLD ] Unloaded chunk -3,2
[2026-05-06 11:35:16.777] [DEBUG] [WORLD ] Unloaded chunk 3,2
[2026-05-06 11:35:16.777] [DEBUG] [WORLD ] Unloaded chunk -4,2
[2026-05-06 11:35:16.777] [DEBUG] [WORLD ] Unloaded chunk 4,2
[2026-05-06 11:35:16.777] [DEBUG] [WORLD ] Unloaded chunk -5,2
[2026-05-06 11:35:16.778] [DEBUG] [WORLD ] Unloaded chunk 5,2
[2026-05-06 11:35:16.778] [DEBUG] [WORLD ] Unloaded chunk -7,2
[2026-05-06 11:35:16.778] [DEBUG] [WORLD ] Unloaded chunk -6,2
[2026-05-06 11:35:16.778] [DEBUG] [WORLD ] Unloaded chunk 6,2
[2026-05-06 11:35:16.778] [DEBUG] [WORLD ] Unloaded chunk 7,2
[2026-05-06 11:35:16.778] [DEBUG] [WORLD ] Unloaded chunk -8,2
[2026-05-06 11:35:16.778] [DEBUG] [WORLD ] Unloaded chunk -9,2
[2026-05-06 11:35:16.778] [DEBUG] [WORLD ] Unloaded chunk 8,2
[2026-05-06 11:35:16.822] [DEBUG] [WORLD ] Loaded chunk -7,-17 (slot 4)
[2026-05-06 11:35:16.829] [DEBUG] [WORLD ] Loaded chunk -6,-17 (slot 9)
[2026-05-06 11:35:16.835] [DEBUG] [WORLD ] Loaded chunk -5,-17 (slot 14)
[2026-05-06 11:35:16.841] [DEBUG] [WORLD ] Loaded chunk -4,-17 (slot 19)
[2026-05-06 11:35:16.847] [DEBUG] [WORLD ] Loaded chunk -3,-17 (slot 24)
[2026-05-06 11:35:16.851] [DEBUG] [WORLD ] Loaded chunk -2,-17 (slot 30)
[2026-05-06 11:35:16.855] [DEBUG] [WORLD ] Loaded chunk -1,-17 (slot 47)
[2026-05-06 11:35:16.858] [DEBUG] [WORLD ] Loaded chunk 0,-17 (slot 55)
[2026-05-06 11:35:16.864] [DEBUG] [WORLD ] Loaded chunk 1,-17 (slot 78)
[2026-05-06 11:35:16.870] [DEBUG] [WORLD ] Loaded chunk 2,-17 (slot 88)
[2026-05-06 11:35:16.876] [DEBUG] [WORLD ] Loaded chunk 2,-11 (slot 117)
[2026-05-06 11:35:16.882] [DEBUG] [WORLD ] Loaded chunk 2,-10 (slot 130)
[2026-05-06 11:35:16.888] [DEBUG] [WORLD ] Loaded chunk 2,-9 (slot 145)
[2026-05-06 11:35:16.895] [DEBUG] [WORLD ] Loaded chunk 3,-17 (slot 204)
[2026-05-06 11:35:16.901] [DEBUG] [WORLD ] Loaded chunk 3,-16 (slot 219)
[2026-05-06 11:35:16.906] [DEBUG] [WORLD ] Loaded chunk 3,-15 (slot 235)
[2026-05-06 11:35:16.910] [DEBUG] [WORLD ] Loaded chunk 3,-14 (slot 239)
[2026-05-06 11:35:16.916] [DEBUG] [WORLD ] Loaded chunk 3,-13 (slot 282)
[2026-05-06 11:35:17.377] [DEBUG] [WORLD ] Unloaded chunk -9,-14
[2026-05-06 11:35:17.377] [DEBUG] [WORLD ] Unloaded chunk -9,-13
[2026-05-06 11:35:17.377] [DEBUG] [WORLD ] Unloaded chunk -9,-12
[2026-05-06 11:35:17.377] [DEBUG] [WORLD ] Unloaded chunk -9,-11
[2026-05-06 11:35:17.377] [DEBUG] [WORLD ] Unloaded chunk -9,-10
[2026-05-06 11:35:17.377] [DEBUG] [WORLD ] Unloaded chunk -9,-9
[2026-05-06 11:35:17.377] [DEBUG] [WORLD ] Unloaded chunk -9,-8
[2026-05-06 11:35:17.377] [DEBUG] [WORLD ] Unloaded chunk -9,-7
[2026-05-06 11:35:17.378] [DEBUG] [WORLD ] Unloaded chunk -9,-6
[2026-05-06 11:35:17.378] [DEBUG] [WORLD ] Unloaded chunk -9,-5
[2026-05-06 11:35:17.378] [DEBUG] [WORLD ] Unloaded chunk -9,-4
[2026-05-06 11:35:17.378] [DEBUG] [WORLD ] Unloaded chunk -9,-3
[2026-05-06 11:35:17.378] [DEBUG] [WORLD ] Unloaded chunk -9,-2
[2026-05-06 11:35:17.378] [DEBUG] [WORLD ] Unloaded chunk -9,-1
[2026-05-06 11:35:17.378] [DEBUG] [WORLD ] Unloaded chunk -9,0
[2026-05-06 11:35:17.378] [DEBUG] [WORLD ] Unloaded chunk -9,1
[2026-05-06 11:35:17.422] [DEBUG] [WORLD ] Loaded chunk 3,-12 (slot 91)
[2026-05-06 11:35:17.428] [DEBUG] [WORLD ] Loaded chunk 3,-11 (slot 134)
[2026-05-06 11:35:17.435] [DEBUG] [WORLD ] Loaded chunk 3,-10 (slot 149)
[2026-05-06 11:35:17.441] [DEBUG] [WORLD ] Loaded chunk 3,-9 (slot 153)
[2026-05-06 11:35:17.447] [DEBUG] [WORLD ] Loaded chunk 4,-17 (slot 157)
[2026-05-06 11:35:17.453] [DEBUG] [WORLD ] Loaded chunk 4,-16 (slot 161)
[2026-05-06 11:35:17.459] [DEBUG] [WORLD ] Loaded chunk 4,-15 (slot 165)
[2026-05-06 11:35:17.465] [DEBUG] [WORLD ] Loaded chunk 4,-14 (slot 169)
[2026-05-06 11:35:17.471] [DEBUG] [WORLD ] Loaded chunk 4,-13 (slot 173)
[2026-05-06 11:35:17.477] [DEBUG] [WORLD ] Loaded chunk 4,-12 (slot 177)
[2026-05-06 11:35:17.483] [DEBUG] [WORLD ] Loaded chunk 4,-11 (slot 181)
[2026-05-06 11:35:17.489] [DEBUG] [WORLD ] Loaded chunk 4,-10 (slot 185)
[2026-05-06 11:35:17.495] [DEBUG] [WORLD ] Loaded chunk 4,-9 (slot 189)
[2026-05-06 11:35:17.501] [DEBUG] [WORLD ] Loaded chunk 5,-17 (slot 193)
[2026-05-06 11:35:17.508] [DEBUG] [WORLD ] Loaded chunk 5,-16 (slot 208)
[2026-05-06 11:35:17.514] [DEBUG] [WORLD ] Loaded chunk 5,-15 (slot 223)
[2026-05-06 11:35:17.660] [DEBUG] [WORLD ] Unloaded chunk -2,1
[2026-05-06 11:35:17.660] [DEBUG] [WORLD ] Unloaded chunk -1,1
[2026-05-06 11:35:17.661] [DEBUG] [WORLD ] Unloaded chunk 0,1
[2026-05-06 11:35:17.661] [DEBUG] [WORLD ] Unloaded chunk 1,1
[2026-05-06 11:35:17.661] [DEBUG] [WORLD ] Unloaded chunk 2,1
[2026-05-06 11:35:17.661] [DEBUG] [WORLD ] Unloaded chunk -3,1
[2026-05-06 11:35:17.661] [DEBUG] [WORLD ] Unloaded chunk 3,1
[2026-05-06 11:35:17.661] [DEBUG] [WORLD ] Unloaded chunk -4,1
[2026-05-06 11:35:17.661] [DEBUG] [WORLD ] Unloaded chunk 4,1
[2026-05-06 11:35:17.661] [DEBUG] [WORLD ] Unloaded chunk -5,1
[2026-05-06 11:35:17.661] [DEBUG] [WORLD ] Unloaded chunk 5,1
[2026-05-06 11:35:17.661] [DEBUG] [WORLD ] Unloaded chunk -7,1
[2026-05-06 11:35:17.661] [DEBUG] [WORLD ] Unloaded chunk -6,1
[2026-05-06 11:35:17.661] [DEBUG] [WORLD ] Unloaded chunk 6,1
[2026-05-06 11:35:17.661] [DEBUG] [WORLD ] Unloaded chunk 7,1
[2026-05-06 11:35:17.661] [DEBUG] [WORLD ] Unloaded chunk -8,1
[2026-05-06 11:35:17.661] [DEBUG] [WORLD ] Unloaded chunk 8,1
[2026-05-06 11:35:17.705] [DEBUG] [WORLD ] Loaded chunk -6,-18 (slot 3)
[2026-05-06 11:35:17.711] [DEBUG] [WORLD ] Loaded chunk -5,-18 (slot 8)
[2026-05-06 11:35:17.717] [DEBUG] [WORLD ] Loaded chunk -4,-18 (slot 13)
[2026-05-06 11:35:17.723] [DEBUG] [WORLD ] Loaded chunk -3,-18 (slot 18)
[2026-05-06 11:35:17.729] [DEBUG] [WORLD ] Loaded chunk -2,-18 (slot 23)
[2026-05-06 11:35:17.735] [DEBUG] [WORLD ] Loaded chunk -1,-18 (slot 29)
[2026-05-06 11:35:17.741] [DEBUG] [WORLD ] Loaded chunk 0,-18 (slot 46)
[2026-05-06 11:35:17.747] [DEBUG] [WORLD ] Loaded chunk 1,-18 (slot 54)
[2026-05-06 11:35:17.753] [DEBUG] [WORLD ] Loaded chunk 2,-18 (slot 77)
[2026-05-06 11:35:17.760] [DEBUG] [WORLD ] Loaded chunk 3,-18 (slot 87)
[2026-05-06 11:35:17.766] [DEBUG] [WORLD ] Loaded chunk 4,-18 (slot 116)
[2026-05-06 11:35:17.772] [DEBUG] [WORLD ] Loaded chunk 5,-18 (slot 129)
[2026-05-06 11:35:17.778] [DEBUG] [WORLD ] Loaded chunk 5,-14 (slot 144)
[2026-05-06 11:35:17.784] [DEBUG] [WORLD ] Loaded chunk 5,-13 (slot 203)
[2026-05-06 11:35:17.790] [DEBUG] [WORLD ] Loaded chunk 5,-12 (slot 218)
[2026-05-06 11:35:17.796] [DEBUG] [WORLD ] Loaded chunk 5,-11 (slot 234)
[2026-05-06 11:35:17.802] [DEBUG] [WORLD ] Loaded chunk 5,-10 (slot 281)
[2026-05-06 11:35:18.444] [DEBUG] [WORLD ] Unloaded chunk -8,-16
[2026-05-06 11:35:18.444] [DEBUG] [WORLD ] Unloaded chunk -8,-15
[2026-05-06 11:35:18.444] [DEBUG] [WORLD ] Unloaded chunk -8,-14
[2026-05-06 11:35:18.444] [DEBUG] [WORLD ] Unloaded chunk -8,-13
[2026-05-06 11:35:18.444] [DEBUG] [WORLD ] Unloaded chunk -8,-12
[2026-05-06 11:35:18.444] [DEBUG] [WORLD ] Unloaded chunk -8,-8
[2026-05-06 11:35:18.444] [DEBUG] [WORLD ] Unloaded chunk -8,-7
[2026-05-06 11:35:18.444] [DEBUG] [WORLD ] Unloaded chunk -8,-6
[2026-05-06 11:35:18.444] [DEBUG] [WORLD ] Unloaded chunk -8,-5
[2026-05-06 11:35:18.444] [DEBUG] [WORLD ] Unloaded chunk -8,-4
[2026-05-06 11:35:18.444] [DEBUG] [WORLD ] Unloaded chunk -8,-3
[2026-05-06 11:35:18.444] [DEBUG] [WORLD ] Unloaded chunk -8,-2
[2026-05-06 11:35:18.444] [DEBUG] [WORLD ] Unloaded chunk -8,-1
[2026-05-06 11:35:18.444] [DEBUG] [WORLD ] Unloaded chunk -8,0
[2026-05-06 11:35:18.445] [DEBUG] [WORLD ] Unloaded chunk -8,-11
[2026-05-06 11:35:18.445] [DEBUG] [WORLD ] Unloaded chunk -8,-10
[2026-05-06 11:35:18.445] [DEBUG] [WORLD ] Unloaded chunk -8,-9
[2026-05-06 11:35:18.489] [DEBUG] [WORLD ] Loaded chunk 5,-9 (slot 31)
[2026-05-06 11:35:18.496] [DEBUG] [WORLD ] Loaded chunk 6,-18 (slot 57)
[2026-05-06 11:35:18.502] [DEBUG] [WORLD ] Loaded chunk 6,-17 (slot 93)
[2026-05-06 11:35:18.508] [DEBUG] [WORLD ] Loaded chunk 6,-16 (slot 95)
[2026-05-06 11:35:18.514] [DEBUG] [WORLD ] Loaded chunk 6,-15 (slot 135)
[2026-05-06 11:35:18.520] [DEBUG] [WORLD ] Loaded chunk 6,-14 (slot 225)
[2026-05-06 11:35:18.526] [DEBUG] [WORLD ] Loaded chunk 6,-13 (slot 226)
[2026-05-06 11:35:18.533] [DEBUG] [WORLD ] Loaded chunk 6,-12 (slot 227)
[2026-05-06 11:35:18.539] [DEBUG] [WORLD ] Loaded chunk 6,-11 (slot 228)
[2026-05-06 11:35:18.545] [DEBUG] [WORLD ] Loaded chunk 6,-10 (slot 229)
[2026-05-06 11:35:18.551] [DEBUG] [WORLD ] Loaded chunk 6,-9 (slot 230)
[2026-05-06 11:35:18.557] [DEBUG] [WORLD ] Loaded chunk 7,-18 (slot 231)
[2026-05-06 11:35:18.563] [DEBUG] [WORLD ] Loaded chunk 7,-17 (slot 232)
[2026-05-06 11:35:18.570] [DEBUG] [WORLD ] Loaded chunk 7,-16 (slot 233)
[2026-05-06 11:35:18.576] [DEBUG] [WORLD ] Loaded chunk 7,-15 (slot 241)
[2026-05-06 11:35:18.582] [DEBUG] [WORLD ] Loaded chunk 7,-14 (slot 243)
[2026-05-06 11:35:18.587] [DEBUG] [WORLD ] Loaded chunk 7,-13 (slot 245)
[2026-05-06 11:35:19.110] [DEBUG] [WORLD ] Unloaded chunk -2,0
[2026-05-06 11:35:19.110] [DEBUG] [WORLD ] Unloaded chunk -1,0
[2026-05-06 11:35:19.111] [DEBUG] [WORLD ] Unloaded chunk 0,0
[2026-05-06 11:35:19.111] [DEBUG] [WORLD ] Unloaded chunk 1,0
[2026-05-06 11:35:19.111] [DEBUG] [WORLD ] Unloaded chunk 2,0
[2026-05-06 11:35:19.111] [DEBUG] [WORLD ] Unloaded chunk -3,0
[2026-05-06 11:35:19.111] [DEBUG] [WORLD ] Unloaded chunk 3,0
[2026-05-06 11:35:19.111] [DEBUG] [WORLD ] Unloaded chunk -4,0
[2026-05-06 11:35:19.111] [DEBUG] [WORLD ] Unloaded chunk 4,0
[2026-05-06 11:35:19.111] [DEBUG] [WORLD ] Unloaded chunk -5,0
[2026-05-06 11:35:19.111] [DEBUG] [WORLD ] Unloaded chunk 5,0
[2026-05-06 11:35:19.111] [DEBUG] [WORLD ] Unloaded chunk -7,0
[2026-05-06 11:35:19.111] [DEBUG] [WORLD ] Unloaded chunk -6,0
[2026-05-06 11:35:19.111] [DEBUG] [WORLD ] Unloaded chunk 6,0
[2026-05-06 11:35:19.111] [DEBUG] [WORLD ] Unloaded chunk 7,0
[2026-05-06 11:35:19.111] [DEBUG] [WORLD ] Unloaded chunk 8,0
[2026-05-06 11:35:19.155] [DEBUG] [WORLD ] Loaded chunk -5,-19 (slot 2)
[2026-05-06 11:35:19.161] [DEBUG] [WORLD ] Loaded chunk -4,-19 (slot 7)
[2026-05-06 11:35:19.167] [DEBUG] [WORLD ] Loaded chunk -3,-19 (slot 12)
[2026-05-06 11:35:19.173] [DEBUG] [WORLD ] Loaded chunk -2,-19 (slot 17)
[2026-05-06 11:35:19.179] [DEBUG] [WORLD ] Loaded chunk -1,-19 (slot 22)
[2026-05-06 11:35:19.185] [DEBUG] [WORLD ] Loaded chunk 0,-19 (slot 28)
[2026-05-06 11:35:19.191] [DEBUG] [WORLD ] Loaded chunk 1,-19 (slot 45)
[2026-05-06 11:35:19.198] [DEBUG] [WORLD ] Loaded chunk 2,-19 (slot 53)
[2026-05-06 11:35:19.204] [DEBUG] [WORLD ] Loaded chunk 3,-19 (slot 76)
[2026-05-06 11:35:19.210] [DEBUG] [WORLD ] Loaded chunk 4,-19 (slot 86)
[2026-05-06 11:35:19.216] [DEBUG] [WORLD ] Loaded chunk 5,-19 (slot 115)
[2026-05-06 11:35:19.222] [DEBUG] [WORLD ] Loaded chunk 6,-19 (slot 128)
[2026-05-06 11:35:19.228] [DEBUG] [WORLD ] Loaded chunk 7,-19 (slot 143)
[2026-05-06 11:35:19.234] [DEBUG] [WORLD ] Loaded chunk 7,-12 (slot 202)
[2026-05-06 11:35:19.241] [DEBUG] [WORLD ] Loaded chunk 7,-11 (slot 217)
[2026-05-06 11:35:19.247] [DEBUG] [WORLD ] Loaded chunk 7,-10 (slot 280)
[2026-05-06 11:35:19.510] [DEBUG] [WORLD ] Unloaded chunk -7,-17
[2026-05-06 11:35:19.510] [DEBUG] [WORLD ] Unloaded chunk -7,-16
[2026-05-06 11:35:19.510] [DEBUG] [WORLD ] Unloaded chunk -7,-15
[2026-05-06 11:35:19.511] [DEBUG] [WORLD ] Unloaded chunk -7,-14
[2026-05-06 11:35:19.511] [DEBUG] [WORLD ] Unloaded chunk -7,-13
[2026-05-06 11:35:19.511] [DEBUG] [WORLD ] Unloaded chunk -7,-7
[2026-05-06 11:35:19.511] [DEBUG] [WORLD ] Unloaded chunk -7,-6
[2026-05-06 11:35:19.511] [DEBUG] [WORLD ] Unloaded chunk -7,-5
[2026-05-06 11:35:19.511] [DEBUG] [WORLD ] Unloaded chunk -7,-4
[2026-05-06 11:35:19.511] [DEBUG] [WORLD ] Unloaded chunk -7,-3
[2026-05-06 11:35:19.511] [DEBUG] [WORLD ] Unloaded chunk -7,-2
[2026-05-06 11:35:19.511] [DEBUG] [WORLD ] Unloaded chunk -7,-1
[2026-05-06 11:35:19.511] [DEBUG] [WORLD ] Unloaded chunk -7,-12
[2026-05-06 11:35:19.511] [DEBUG] [WORLD ] Unloaded chunk -7,-8
[2026-05-06 11:35:19.511] [DEBUG] [WORLD ] Unloaded chunk -7,-11
[2026-05-06 11:35:19.511] [DEBUG] [WORLD ] Unloaded chunk -7,-10
[2026-05-06 11:35:19.511] [DEBUG] [WORLD ] Unloaded chunk -7,-9
[2026-05-06 11:35:19.556] [DEBUG] [WORLD ] Loaded chunk 7,-9 (slot 4)
[2026-05-06 11:35:19.563] [DEBUG] [WORLD ] Loaded chunk 8,-19 (slot 33)
[2026-05-06 11:35:19.569] [DEBUG] [WORLD ] Loaded chunk 8,-18 (slot 59)
[2026-05-06 11:35:19.575] [DEBUG] [WORLD ] Loaded chunk 8,-17 (slot 97)
[2026-05-06 11:35:19.581] [DEBUG] [WORLD ] Loaded chunk 8,-16 (slot 99)
[2026-05-06 11:35:19.587] [DEBUG] [WORLD ] Loaded chunk 8,-15 (slot 121)
[2026-05-06 11:35:19.594] [DEBUG] [WORLD ] Loaded chunk 8,-14 (slot 122)
[2026-05-06 11:35:19.600] [DEBUG] [WORLD ] Loaded chunk 8,-13 (slot 123)
[2026-05-06 11:35:19.606] [DEBUG] [WORLD ] Loaded chunk 8,-12 (slot 124)
[2026-05-06 11:35:19.612] [DEBUG] [WORLD ] Loaded chunk 8,-11 (slot 125)
[2026-05-06 11:35:19.618] [DEBUG] [WORLD ] Loaded chunk 8,-10 (slot 126)
[2026-05-06 11:35:19.624] [DEBUG] [WORLD ] Loaded chunk 8,-9 (slot 127)
[2026-05-06 11:35:19.631] [DEBUG] [WORLD ] Loaded chunk 9,-19 (slot 150)
[2026-05-06 11:35:19.637] [DEBUG] [WORLD ] Loaded chunk 9,-18 (slot 242)
[2026-05-06 11:35:19.643] [DEBUG] [WORLD ] Loaded chunk 9,-17 (slot 247)
[2026-05-06 11:35:19.649] [DEBUG] [WORLD ] Loaded chunk 9,-16 (slot 249)
[2026-05-06 11:35:19.655] [DEBUG] [WORLD ] Loaded chunk 9,-15 (slot 251)
[2026-05-06 11:35:19.777] [DEBUG] [WORLD ] Unloaded chunk -2,-1
[2026-05-06 11:35:19.777] [DEBUG] [WORLD ] Unloaded chunk -1,-1
[2026-05-06 11:35:19.777] [DEBUG] [WORLD ] Unloaded chunk 0,-1
[2026-05-06 11:35:19.777] [DEBUG] [WORLD ] Unloaded chunk 1,-1
[2026-05-06 11:35:19.777] [DEBUG] [WORLD ] Unloaded chunk 2,-1
[2026-05-06 11:35:19.777] [DEBUG] [WORLD ] Unloaded chunk -3,-1
[2026-05-06 11:35:19.778] [DEBUG] [WORLD ] Unloaded chunk 3,-1
[2026-05-06 11:35:19.778] [DEBUG] [WORLD ] Unloaded chunk -4,-1
[2026-05-06 11:35:19.778] [DEBUG] [WORLD ] Unloaded chunk 4,-1
[2026-05-06 11:35:19.778] [DEBUG] [WORLD ] Unloaded chunk -5,-1
[2026-05-06 11:35:19.778] [DEBUG] [WORLD ] Unloaded chunk 5,-1
[2026-05-06 11:35:19.778] [DEBUG] [WORLD ] Unloaded chunk -6,-1
[2026-05-06 11:35:19.778] [DEBUG] [WORLD ] Unloaded chunk 6,-1
[2026-05-06 11:35:19.778] [DEBUG] [WORLD ] Unloaded chunk 7,-1
[2026-05-06 11:35:19.778] [DEBUG] [WORLD ] Unloaded chunk 8,-1
[2026-05-06 11:35:19.822] [DEBUG] [WORLD ] Loaded chunk -4,-20 (slot 1)
[2026-05-06 11:35:19.829] [DEBUG] [WORLD ] Loaded chunk -3,-20 (slot 6)
[2026-05-06 11:35:19.835] [DEBUG] [WORLD ] Loaded chunk -2,-20 (slot 11)
[2026-05-06 11:35:19.841] [DEBUG] [WORLD ] Loaded chunk -1,-20 (slot 16)
[2026-05-06 11:35:19.847] [DEBUG] [WORLD ] Loaded chunk 0,-20 (slot 21)
[2026-05-06 11:35:19.853] [DEBUG] [WORLD ] Loaded chunk 1,-20 (slot 27)
[2026-05-06 11:35:19.859] [DEBUG] [WORLD ] Loaded chunk 2,-20 (slot 44)
[2026-05-06 11:35:19.865] [DEBUG] [WORLD ] Loaded chunk 3,-20 (slot 52)
[2026-05-06 11:35:19.871] [DEBUG] [WORLD ] Loaded chunk 4,-20 (slot 75)
[2026-05-06 11:35:19.877] [DEBUG] [WORLD ] Loaded chunk 5,-20 (slot 85)
[2026-05-06 11:35:19.884] [DEBUG] [WORLD ] Loaded chunk 6,-20 (slot 114)
[2026-05-06 11:35:19.890] [DEBUG] [WORLD ] Loaded chunk 7,-20 (slot 142)
[2026-05-06 11:35:19.896] [DEBUG] [WORLD ] Loaded chunk 8,-20 (slot 201)
[2026-05-06 11:35:19.902] [DEBUG] [WORLD ] Loaded chunk 9,-20 (slot 216)
[2026-05-06 11:35:19.908] [DEBUG] [WORLD ] Loaded chunk 9,-14 (slot 279)
[2026-05-06 11:35:20.394] [DEBUG] [WORLD ] Unloaded chunk -6,-18
[2026-05-06 11:35:20.394] [DEBUG] [WORLD ] Unloaded chunk -6,-17
[2026-05-06 11:35:20.394] [DEBUG] [WORLD ] Unloaded chunk -6,-16
[2026-05-06 11:35:20.394] [DEBUG] [WORLD ] Unloaded chunk -6,-15
[2026-05-06 11:35:20.394] [DEBUG] [WORLD ] Unloaded chunk -6,-14
[2026-05-06 11:35:20.394] [DEBUG] [WORLD ] Unloaded chunk -6,-13
[2026-05-06 11:35:20.394] [DEBUG] [WORLD ] Unloaded chunk -6,-7
[2026-05-06 11:35:20.394] [DEBUG] [WORLD ] Unloaded chunk -6,-6
[2026-05-06 11:35:20.394] [DEBUG] [WORLD ] Unloaded chunk -6,-5
[2026-05-06 11:35:20.394] [DEBUG] [WORLD ] Unloaded chunk -6,-4
[2026-05-06 11:35:20.394] [DEBUG] [WORLD ] Unloaded chunk -6,-3
[2026-05-06 11:35:20.394] [DEBUG] [WORLD ] Unloaded chunk -6,-2
[2026-05-06 11:35:20.394] [DEBUG] [WORLD ] Unloaded chunk -6,-12
[2026-05-06 11:35:20.395] [DEBUG] [WORLD ] Unloaded chunk -6,-8
[2026-05-06 11:35:20.395] [DEBUG] [WORLD ] Unloaded chunk -6,-11
[2026-05-06 11:35:20.395] [DEBUG] [WORLD ] Unloaded chunk -6,-10
[2026-05-06 11:35:20.395] [DEBUG] [WORLD ] Unloaded chunk -6,-9
[2026-05-06 11:35:20.439] [DEBUG] [WORLD ] Loaded chunk 9,-13 (slot 3)
[2026-05-06 11:35:20.450] [DEBUG] [WORLD ] Loaded chunk 9,-12 (slot 9)
[2026-05-06 11:35:20.456] [DEBUG] [WORLD ] Loaded chunk 9,-11 (slot 35)
[2026-05-06 11:35:20.462] [DEBUG] [WORLD ] Loaded chunk 9,-10 (slot 61)
[2026-05-06 11:35:20.468] [DEBUG] [WORLD ] Loaded chunk 9,-9 (slot 101)
[2026-05-06 11:35:20.475] [DEBUG] [WORLD ] Loaded chunk 9,-8 (slot 103)
[2026-05-06 11:35:20.481] [DEBUG] [WORLD ] Loaded chunk 9,-7 (slot 136)
[2026-05-06 11:35:20.487] [DEBUG] [WORLD ] Loaded chunk 9,-6 (slot 137)
[2026-05-06 11:35:20.493] [DEBUG] [WORLD ] Loaded chunk 9,-5 (slot 138)
[2026-05-06 11:35:20.500] [DEBUG] [WORLD ] Loaded chunk 9,-4 (slot 139)
[2026-05-06 11:35:20.506] [DEBUG] [WORLD ] Loaded chunk 10,-20 (slot 140)
[2026-05-06 11:35:20.512] [DEBUG] [WORLD ] Loaded chunk 10,-19 (slot 141)
[2026-05-06 11:35:20.518] [DEBUG] [WORLD ] Loaded chunk 10,-18 (slot 154)
[2026-05-06 11:35:20.525] [DEBUG] [WORLD ] Loaded chunk 10,-17 (slot 244)
[2026-05-06 11:35:20.531] [DEBUG] [WORLD ] Loaded chunk 10,-16 (slot 253)
[2026-05-06 11:35:20.537] [DEBUG] [WORLD ] Loaded chunk 10,-15 (slot 255)
[2026-05-06 11:35:20.543] [DEBUG] [WORLD ] Loaded chunk 10,-14 (slot 257)
[2026-05-06 11:35:20.544] [DEBUG] [WORLD ] Unloaded chunk -2,-2
[2026-05-06 11:35:20.544] [DEBUG] [WORLD ] Unloaded chunk -1,-2
[2026-05-06 11:35:20.544] [DEBUG] [WORLD ] Unloaded chunk 0,-2
[2026-05-06 11:35:20.544] [DEBUG] [WORLD ] Unloaded chunk 1,-2
[2026-05-06 11:35:20.544] [DEBUG] [WORLD ] Unloaded chunk 2,-2
[2026-05-06 11:35:20.544] [DEBUG] [WORLD ] Unloaded chunk -3,-2
[2026-05-06 11:35:20.544] [DEBUG] [WORLD ] Unloaded chunk 3,-2
[2026-05-06 11:35:20.544] [DEBUG] [WORLD ] Unloaded chunk -4,-2
[2026-05-06 11:35:20.544] [DEBUG] [WORLD ] Unloaded chunk 4,-2
[2026-05-06 11:35:20.544] [DEBUG] [WORLD ] Unloaded chunk -5,-2
[2026-05-06 11:35:20.544] [DEBUG] [WORLD ] Unloaded chunk 5,-2
[2026-05-06 11:35:20.544] [DEBUG] [WORLD ] Unloaded chunk 6,-2
[2026-05-06 11:35:20.544] [DEBUG] [WORLD ] Unloaded chunk 7,-2
[2026-05-06 11:35:20.544] [DEBUG] [WORLD ] Unloaded chunk 8,-2
[2026-05-06 11:35:20.582] [DEBUG] [WORLD ] Loaded chunk -3,-21 (slot 0)
[2026-05-06 11:35:20.588] [DEBUG] [WORLD ] Loaded chunk -2,-21 (slot 5)
[2026-05-06 11:35:20.594] [DEBUG] [WORLD ] Loaded chunk -1,-21 (slot 10)
[2026-05-06 11:35:20.601] [DEBUG] [WORLD ] Loaded chunk 0,-21 (slot 15)
[2026-05-06 11:35:20.607] [DEBUG] [WORLD ] Loaded chunk 1,-21 (slot 20)
[2026-05-06 11:35:20.614] [DEBUG] [WORLD ] Loaded chunk 2,-21 (slot 26)
[2026-05-06 11:35:20.620] [DEBUG] [WORLD ] Loaded chunk 3,-21 (slot 43)
[2026-05-06 11:35:20.626] [DEBUG] [WORLD ] Loaded chunk 4,-21 (slot 51)
[2026-05-06 11:35:20.632] [DEBUG] [WORLD ] Loaded chunk 5,-21 (slot 74)
[2026-05-06 11:35:20.638] [DEBUG] [WORLD ] Loaded chunk 6,-21 (slot 84)
[2026-05-06 11:35:20.644] [DEBUG] [WORLD ] Loaded chunk 7,-21 (slot 113)
[2026-05-06 11:35:20.650] [DEBUG] [WORLD ] Loaded chunk 8,-21 (slot 200)
[2026-05-06 11:35:20.657] [DEBUG] [WORLD ] Loaded chunk 9,-21 (slot 215)
[2026-05-06 11:35:20.663] [DEBUG] [WORLD ] Loaded chunk 10,-21 (slot 278)
[2026-05-06 11:35:21.160] [DEBUG] [WORLD ] Unloaded chunk -3,-3
[2026-05-06 11:35:21.160] [DEBUG] [WORLD ] Unloaded chunk -2,-3
[2026-05-06 11:35:21.160] [DEBUG] [WORLD ] Unloaded chunk -1,-3
[2026-05-06 11:35:21.160] [DEBUG] [WORLD ] Unloaded chunk 0,-3
[2026-05-06 11:35:21.160] [DEBUG] [WORLD ] Unloaded chunk 1,-3
[2026-05-06 11:35:21.160] [DEBUG] [WORLD ] Unloaded chunk 2,-3
[2026-05-06 11:35:21.161] [DEBUG] [WORLD ] Unloaded chunk 3,-3
[2026-05-06 11:35:21.161] [DEBUG] [WORLD ] Unloaded chunk -4,-3
[2026-05-06 11:35:21.161] [DEBUG] [WORLD ] Unloaded chunk 4,-3
[2026-05-06 11:35:21.161] [DEBUG] [WORLD ] Unloaded chunk -5,-3
[2026-05-06 11:35:21.161] [DEBUG] [WORLD ] Unloaded chunk 5,-3
[2026-05-06 11:35:21.161] [DEBUG] [WORLD ] Unloaded chunk 6,-3
[2026-05-06 11:35:21.161] [DEBUG] [WORLD ] Unloaded chunk 7,-3
[2026-05-06 11:35:21.161] [DEBUG] [WORLD ] Unloaded chunk 8,-3
[2026-05-06 11:35:21.206] [DEBUG] [WORLD ] Loaded chunk -3,-22 (slot 25)
[2026-05-06 11:35:21.212] [DEBUG] [WORLD ] Loaded chunk -2,-22 (slot 32)
[2026-05-06 11:35:21.218] [DEBUG] [WORLD ] Loaded chunk -1,-22 (slot 34)
[2026-05-06 11:35:21.224] [DEBUG] [WORLD ] Loaded chunk 0,-22 (slot 36)
[2026-05-06 11:35:21.230] [DEBUG] [WORLD ] Loaded chunk 1,-22 (slot 38)
[2026-05-06 11:35:21.237] [DEBUG] [WORLD ] Loaded chunk 2,-22 (slot 40)
[2026-05-06 11:35:21.243] [DEBUG] [WORLD ] Loaded chunk 3,-22 (slot 42)
[2026-05-06 11:35:21.250] [DEBUG] [WORLD ] Loaded chunk 4,-22 (slot 50)
[2026-05-06 11:35:21.256] [DEBUG] [WORLD ] Loaded chunk 5,-22 (slot 73)
[2026-05-06 11:35:21.262] [DEBUG] [WORLD ] Loaded chunk 6,-22 (slot 83)
[2026-05-06 11:35:21.269] [DEBUG] [WORLD ] Loaded chunk 7,-22 (slot 112)
[2026-05-06 11:35:21.275] [DEBUG] [WORLD ] Loaded chunk 8,-22 (slot 199)
[2026-05-06 11:35:21.282] [DEBUG] [WORLD ] Loaded chunk 9,-22 (slot 214)
[2026-05-06 11:35:21.288] [DEBUG] [WORLD ] Loaded chunk 10,-22 (slot 277)
[2026-05-06 11:35:21.289] [DEBUG] [WORLD ] Unloaded chunk -5,-19
[2026-05-06 11:35:21.289] [DEBUG] [WORLD ] Unloaded chunk -5,-18
[2026-05-06 11:35:21.289] [DEBUG] [WORLD ] Unloaded chunk -5,-17
[2026-05-06 11:35:21.289] [DEBUG] [WORLD ] Unloaded chunk -5,-16
[2026-05-06 11:35:21.289] [DEBUG] [WORLD ] Unloaded chunk -5,-15
[2026-05-06 11:35:21.289] [DEBUG] [WORLD ] Unloaded chunk -5,-5
[2026-05-06 11:35:21.289] [DEBUG] [WORLD ] Unloaded chunk -5,-4
[2026-05-06 11:35:21.289] [DEBUG] [WORLD ] Unloaded chunk -5,-14
[2026-05-06 11:35:21.289] [DEBUG] [WORLD ] Unloaded chunk -5,-13
[2026-05-06 11:35:21.289] [DEBUG] [WORLD ] Unloaded chunk -5,-7
[2026-05-06 11:35:21.289] [DEBUG] [WORLD ] Unloaded chunk -5,-6
[2026-05-06 11:35:21.289] [DEBUG] [WORLD ] Unloaded chunk -5,-12
[2026-05-06 11:35:21.289] [DEBUG] [WORLD ] Unloaded chunk -5,-8
[2026-05-06 11:35:21.289] [DEBUG] [WORLD ] Unloaded chunk -5,-11
[2026-05-06 11:35:21.289] [DEBUG] [WORLD ] Unloaded chunk -5,-10
[2026-05-06 11:35:21.289] [DEBUG] [WORLD ] Unloaded chunk -5,-9
[2026-05-06 11:35:21.316] [DEBUG] [WORLD ] Loaded chunk 10,-13 (slot 2)
[2026-05-06 11:35:21.322] [DEBUG] [WORLD ] Loaded chunk 10,-12 (slot 8)
[2026-05-06 11:35:21.328] [DEBUG] [WORLD ] Loaded chunk 10,-11 (slot 14)
[2026-05-06 11:35:21.335] [DEBUG] [WORLD ] Loaded chunk 10,-10 (slot 37)
[2026-05-06 11:35:21.341] [DEBUG] [WORLD ] Loaded chunk 10,-9 (slot 63)
[2026-05-06 11:35:21.348] [DEBUG] [WORLD ] Loaded chunk 10,-8 (slot 81)
[2026-05-06 11:35:21.350] [DEBUG] [WORLD ] Loaded chunk 10,-7 (slot 82)
[2026-05-06 11:35:21.353] [DEBUG] [WORLD ] Loaded chunk 10,-6 (slot 105)
[2026-05-06 11:35:21.355] [DEBUG] [WORLD ] Loaded chunk 11,-22 (slot 107)
[2026-05-06 11:35:21.357] [DEBUG] [WORLD ] Loaded chunk 11,-21 (slot 151)
[2026-05-06 11:35:21.360] [DEBUG] [WORLD ] Loaded chunk 11,-20 (slot 152)
[2026-05-06 11:35:21.362] [DEBUG] [WORLD ] Loaded chunk 11,-19 (slot 158)
[2026-05-06 11:35:21.364] [DEBUG] [WORLD ] Loaded chunk 11,-18 (slot 246)
[2026-05-06 11:35:21.367] [DEBUG] [WORLD ] Loaded chunk 11,-17 (slot 259)
[2026-05-06 11:35:21.369] [DEBUG] [WORLD ] Loaded chunk 11,-16 (slot 261)
[2026-05-06 11:35:21.372] [DEBUG] [WORLD ] Loaded chunk 11,-15 (slot 263)
[2026-05-06 11:35:21.944] [DEBUG] [WORLD ] Unloaded chunk -4,-4
[2026-05-06 11:35:21.944] [DEBUG] [WORLD ] Unloaded chunk -3,-4
[2026-05-06 11:35:21.944] [DEBUG] [WORLD ] Unloaded chunk -2,-4
[2026-05-06 11:35:21.944] [DEBUG] [WORLD ] Unloaded chunk -1,-4
[2026-05-06 11:35:21.944] [DEBUG] [WORLD ] Unloaded chunk 0,-4
[2026-05-06 11:35:21.944] [DEBUG] [WORLD ] Unloaded chunk 1,-4
[2026-05-06 11:35:21.944] [DEBUG] [WORLD ] Unloaded chunk 2,-4
[2026-05-06 11:35:21.944] [DEBUG] [WORLD ] Unloaded chunk 3,-4
[2026-05-06 11:35:21.944] [DEBUG] [WORLD ] Unloaded chunk 4,-4
[2026-05-06 11:35:21.944] [DEBUG] [WORLD ] Unloaded chunk 5,-4
[2026-05-06 11:35:21.944] [DEBUG] [WORLD ] Unloaded chunk 9,-4
[2026-05-06 11:35:21.945] [DEBUG] [WORLD ] Unloaded chunk 6,-4
[2026-05-06 11:35:21.945] [DEBUG] [WORLD ] Unloaded chunk 7,-4
[2026-05-06 11:35:21.945] [DEBUG] [WORLD ] Unloaded chunk 8,-4
[2026-05-06 11:35:21.989] [DEBUG] [WORLD ] Loaded chunk -1,-23 (slot 49)
[2026-05-06 11:35:21.996] [DEBUG] [WORLD ] Loaded chunk 0,-23 (slot 58)
[2026-05-06 11:35:22.002] [DEBUG] [WORLD ] Loaded chunk 1,-23 (slot 60)
[2026-05-06 11:35:22.008] [DEBUG] [WORLD ] Loaded chunk 2,-23 (slot 62)
[2026-05-06 11:35:22.015] [DEBUG] [WORLD ] Loaded chunk 3,-23 (slot 64)
[2026-05-06 11:35:22.021] [DEBUG] [WORLD ] Loaded chunk 4,-23 (slot 66)
[2026-05-06 11:35:22.028] [DEBUG] [WORLD ] Loaded chunk 5,-23 (slot 68)
[2026-05-06 11:35:22.034] [DEBUG] [WORLD ] Loaded chunk 6,-23 (slot 70)
[2026-05-06 11:35:22.040] [DEBUG] [WORLD ] Loaded chunk 7,-23 (slot 72)
[2026-05-06 11:35:22.047] [DEBUG] [WORLD ] Loaded chunk 8,-23 (slot 111)
[2026-05-06 11:35:22.053] [DEBUG] [WORLD ] Loaded chunk 9,-23 (slot 139)
[2026-05-06 11:35:22.060] [DEBUG] [WORLD ] Loaded chunk 10,-23 (slot 198)
[2026-05-06 11:35:22.066] [DEBUG] [WORLD ] Loaded chunk 11,-23 (slot 213)
[2026-05-06 11:35:22.072] [DEBUG] [WORLD ] Loaded chunk 11,-14 (slot 276)
[2026-05-06 11:35:22.073] [DEBUG] [WORLD ] Unloaded chunk -4,-20
[2026-05-06 11:35:22.073] [DEBUG] [WORLD ] Unloaded chunk -4,-19
[2026-05-06 11:35:22.073] [DEBUG] [WORLD ] Unloaded chunk -4,-18
[2026-05-06 11:35:22.073] [DEBUG] [WORLD ] Unloaded chunk -4,-17
[2026-05-06 11:35:22.073] [DEBUG] [WORLD ] Unloaded chunk -4,-16
[2026-05-06 11:35:22.073] [DEBUG] [WORLD ] Unloaded chunk -4,-15
[2026-05-06 11:35:22.073] [DEBUG] [WORLD ] Unloaded chunk -4,-5
[2026-05-06 11:35:22.073] [DEBUG] [WORLD ] Unloaded chunk -4,-14
[2026-05-06 11:35:22.073] [DEBUG] [WORLD ] Unloaded chunk -4,-13
[2026-05-06 11:35:22.073] [DEBUG] [WORLD ] Unloaded chunk -4,-7
[2026-05-06 11:35:22.073] [DEBUG] [WORLD ] Unloaded chunk -4,-6
[2026-05-06 11:35:22.073] [DEBUG] [WORLD ] Unloaded chunk -4,-12
[2026-05-06 11:35:22.073] [DEBUG] [WORLD ] Unloaded chunk -4,-8
[2026-05-06 11:35:22.073] [DEBUG] [WORLD ] Unloaded chunk -4,-11
[2026-05-06 11:35:22.073] [DEBUG] [WORLD ] Unloaded chunk -4,-10
[2026-05-06 11:35:22.073] [DEBUG] [WORLD ] Unloaded chunk -4,-9
[2026-05-06 11:35:22.088] [DEBUG] [WORLD ] Loaded chunk 11,-13 (slot 1)
[2026-05-06 11:35:22.098] [DEBUG] [WORLD ] Loaded chunk 11,-12 (slot 7)
[2026-05-06 11:35:22.105] [DEBUG] [WORLD ] Loaded chunk 11,-11 (slot 13)
[2026-05-06 11:35:22.112] [DEBUG] [WORLD ] Loaded chunk 11,-10 (slot 19)
[2026-05-06 11:35:22.118] [DEBUG] [WORLD ] Loaded chunk 11,-9 (slot 39)
[2026-05-06 11:35:22.125] [DEBUG] [WORLD ] Loaded chunk 11,-8 (slot 65)
[2026-05-06 11:35:22.131] [DEBUG] [WORLD ] Loaded chunk 11,-7 (slot 92)
[2026-05-06 11:35:22.137] [DEBUG] [WORLD ] Loaded chunk 12,-23 (slot 109)
[2026-05-06 11:35:22.144] [DEBUG] [WORLD ] Loaded chunk 12,-22 (slot 120)
[2026-05-06 11:35:22.150] [DEBUG] [WORLD ] Loaded chunk 12,-21 (slot 155)
[2026-05-06 11:35:22.156] [DEBUG] [WORLD ] Loaded chunk 12,-20 (slot 156)
[2026-05-06 11:35:22.163] [DEBUG] [WORLD ] Loaded chunk 12,-19 (slot 162)
[2026-05-06 11:35:22.170] [DEBUG] [WORLD ] Loaded chunk 12,-18 (slot 248)
[2026-05-06 11:35:22.176] [DEBUG] [WORLD ] Loaded chunk 12,-17 (slot 265)
[2026-05-06 11:35:22.182] [DEBUG] [WORLD ] Loaded chunk 12,-16 (slot 267)
[2026-05-06 11:35:22.189] [DEBUG] [WORLD ] Loaded chunk 12,-15 (slot 269)
[2026-05-06 11:35:22.677] [DEBUG] [WORLD ] Unloaded chunk -3,-5
[2026-05-06 11:35:22.677] [DEBUG] [WORLD ] Unloaded chunk -2,-5
[2026-05-06 11:35:22.677] [DEBUG] [WORLD ] Unloaded chunk -1,-5
[2026-05-06 11:35:22.677] [DEBUG] [WORLD ] Unloaded chunk 0,-5
[2026-05-06 11:35:22.677] [DEBUG] [WORLD ] Unloaded chunk 1,-5
[2026-05-06 11:35:22.677] [DEBUG] [WORLD ] Unloaded chunk 2,-5
[2026-05-06 11:35:22.677] [DEBUG] [WORLD ] Unloaded chunk 3,-5
[2026-05-06 11:35:22.677] [DEBUG] [WORLD ] Unloaded chunk 4,-5
[2026-05-06 11:35:22.678] [DEBUG] [WORLD ] Unloaded chunk 5,-5
[2026-05-06 11:35:22.678] [DEBUG] [WORLD ] Unloaded chunk 9,-5
[2026-05-06 11:35:22.678] [DEBUG] [WORLD ] Unloaded chunk 6,-5
[2026-05-06 11:35:22.678] [DEBUG] [WORLD ] Unloaded chunk 7,-5
[2026-05-06 11:35:22.678] [DEBUG] [WORLD ] Unloaded chunk 8,-5
[2026-05-06 11:35:22.734] [DEBUG] [WORLD ] Loaded chunk -1,-24 (slot 94)
[2026-05-06 11:35:22.741] [DEBUG] [WORLD ] Loaded chunk 0,-24 (slot 96)
[2026-05-06 11:35:22.747] [DEBUG] [WORLD ] Loaded chunk 1,-24 (slot 98)
[2026-05-06 11:35:22.753] [DEBUG] [WORLD ] Loaded chunk 2,-24 (slot 100)
[2026-05-06 11:35:22.760] [DEBUG] [WORLD ] Loaded chunk 3,-24 (slot 102)
[2026-05-06 11:35:22.766] [DEBUG] [WORLD ] Loaded chunk 4,-24 (slot 104)
[2026-05-06 11:35:22.773] [DEBUG] [WORLD ] Loaded chunk 5,-24 (slot 106)
[2026-05-06 11:35:22.779] [DEBUG] [WORLD ] Loaded chunk 6,-24 (slot 108)
[2026-05-06 11:35:22.785] [DEBUG] [WORLD ] Loaded chunk 7,-24 (slot 110)
[2026-05-06 11:35:22.792] [DEBUG] [WORLD ] Loaded chunk 8,-24 (slot 138)
[2026-05-06 11:35:22.798] [DEBUG] [WORLD ] Loaded chunk 9,-24 (slot 197)
[2026-05-06 11:35:22.804] [DEBUG] [WORLD ] Loaded chunk 10,-24 (slot 212)
[2026-05-06 11:35:22.811] [DEBUG] [WORLD ] Loaded chunk 11,-24 (slot 275)
[2026-05-06 11:35:22.811] [DEBUG] [WORLD ] Unloaded chunk -3,-21
[2026-05-06 11:35:22.811] [DEBUG] [WORLD ] Unloaded chunk -3,-20
[2026-05-06 11:35:22.811] [DEBUG] [WORLD ] Unloaded chunk -3,-19
[2026-05-06 11:35:22.811] [DEBUG] [WORLD ] Unloaded chunk -3,-18
[2026-05-06 11:35:22.811] [DEBUG] [WORLD ] Unloaded chunk -3,-17
[2026-05-06 11:35:22.811] [DEBUG] [WORLD ] Unloaded chunk -3,-22
[2026-05-06 11:35:22.811] [DEBUG] [WORLD ] Unloaded chunk -3,-16
[2026-05-06 11:35:22.811] [DEBUG] [WORLD ] Unloaded chunk -3,-15
[2026-05-06 11:35:22.811] [DEBUG] [WORLD ] Unloaded chunk -3,-14
[2026-05-06 11:35:22.811] [DEBUG] [WORLD ] Unloaded chunk -3,-13
[2026-05-06 11:35:22.811] [DEBUG] [WORLD ] Unloaded chunk -3,-7
[2026-05-06 11:35:22.811] [DEBUG] [WORLD ] Unloaded chunk -3,-6
[2026-05-06 11:35:22.811] [DEBUG] [WORLD ] Unloaded chunk -3,-12
[2026-05-06 11:35:22.811] [DEBUG] [WORLD ] Unloaded chunk -3,-9
[2026-05-06 11:35:22.811] [DEBUG] [WORLD ] Unloaded chunk -3,-8
[2026-05-06 11:35:22.811] [DEBUG] [WORLD ] Unloaded chunk -3,-11
[2026-05-06 11:35:22.811] [DEBUG] [WORLD ] Unloaded chunk -3,-10
[2026-05-06 11:35:22.849] [DEBUG] [WORLD ] Loaded chunk 12,-24 (slot 0)
[2026-05-06 11:35:22.855] [DEBUG] [WORLD ] Loaded chunk 12,-14 (slot 6)
[2026-05-06 11:35:22.861] [DEBUG] [WORLD ] Loaded chunk 12,-13 (slot 12)
[2026-05-06 11:35:22.868] [DEBUG] [WORLD ] Loaded chunk 12,-12 (slot 18)
[2026-05-06 11:35:22.874] [DEBUG] [WORLD ] Loaded chunk 12,-11 (slot 24)
[2026-05-06 11:35:22.877] [DEBUG] [WORLD ] Loaded chunk 12,-10 (slot 25)
[2026-05-06 11:35:22.879] [DEBUG] [WORLD ] Loaded chunk 12,-9 (slot 41)
[2026-05-06 11:35:22.881] [DEBUG] [WORLD ] Loaded chunk 12,-8 (slot 67)
[2026-05-06 11:35:22.884] [DEBUG] [WORLD ] Loaded chunk 13,-24 (slot 133)
[2026-05-06 11:35:22.886] [DEBUG] [WORLD ] Loaded chunk 13,-23 (slot 148)
[2026-05-06 11:35:22.888] [DEBUG] [WORLD ] Loaded chunk 13,-22 (slot 159)
[2026-05-06 11:35:22.891] [DEBUG] [WORLD ] Loaded chunk 13,-21 (slot 160)
[2026-05-06 11:35:22.894] [DEBUG] [WORLD ] Loaded chunk 13,-20 (slot 166)
[2026-05-06 11:35:22.897] [DEBUG] [WORLD ] Loaded chunk 13,-19 (slot 170)
[2026-05-06 11:35:22.900] [DEBUG] [WORLD ] Loaded chunk 13,-18 (slot 250)
[2026-05-06 11:35:22.904] [DEBUG] [WORLD ] Loaded chunk 13,-17 (slot 271)
[2026-05-06 11:35:22.906] [DEBUG] [WORLD ] Loaded chunk 13,-16 (slot 288)
[2026-05-06 11:35:23.344] [DEBUG] [WORLD ] Unloaded chunk 10,-6
[2026-05-06 11:35:23.344] [DEBUG] [WORLD ] Unloaded chunk 9,-6
[2026-05-06 11:35:23.344] [DEBUG] [WORLD ] Unloaded chunk -2,-6
[2026-05-06 11:35:23.344] [DEBUG] [WORLD ] Unloaded chunk -1,-6
[2026-05-06 11:35:23.344] [DEBUG] [WORLD ] Unloaded chunk 0,-6
[2026-05-06 11:35:23.344] [DEBUG] [WORLD ] Unloaded chunk 1,-6
[2026-05-06 11:35:23.344] [DEBUG] [WORLD ] Unloaded chunk 2,-6
[2026-05-06 11:35:23.344] [DEBUG] [WORLD ] Unloaded chunk 3,-6
[2026-05-06 11:35:23.344] [DEBUG] [WORLD ] Unloaded chunk 4,-6
[2026-05-06 11:35:23.344] [DEBUG] [WORLD ] Unloaded chunk 5,-6
[2026-05-06 11:35:23.344] [DEBUG] [WORLD ] Unloaded chunk 6,-6
[2026-05-06 11:35:23.344] [DEBUG] [WORLD ] Unloaded chunk 7,-6
[2026-05-06 11:35:23.344] [DEBUG] [WORLD ] Unloaded chunk 8,-6
[2026-05-06 11:35:23.390] [DEBUG] [WORLD ] Loaded chunk 0,-25 (slot 105)
[2026-05-06 11:35:23.397] [DEBUG] [WORLD ] Loaded chunk 1,-25 (slot 137)
[2026-05-06 11:35:23.403] [DEBUG] [WORLD ] Loaded chunk 2,-25 (slot 164)
[2026-05-06 11:35:23.410] [DEBUG] [WORLD ] Loaded chunk 3,-25 (slot 168)
[2026-05-06 11:35:23.416] [DEBUG] [WORLD ] Loaded chunk 4,-25 (slot 172)
[2026-05-06 11:35:23.422] [DEBUG] [WORLD ] Loaded chunk 5,-25 (slot 176)
[2026-05-06 11:35:23.428] [DEBUG] [WORLD ] Loaded chunk 6,-25 (slot 180)
[2026-05-06 11:35:23.435] [DEBUG] [WORLD ] Loaded chunk 7,-25 (slot 184)
[2026-05-06 11:35:23.443] [DEBUG] [WORLD ] Loaded chunk 8,-25 (slot 188)
[2026-05-06 11:35:23.451] [DEBUG] [WORLD ] Loaded chunk 9,-25 (slot 192)
[2026-05-06 11:35:23.457] [DEBUG] [WORLD ] Loaded chunk 10,-25 (slot 196)
[2026-05-06 11:35:23.464] [DEBUG] [WORLD ] Loaded chunk 11,-25 (slot 211)
[2026-05-06 11:35:23.471] [DEBUG] [WORLD ] Loaded chunk 12,-25 (slot 274)
[2026-05-06 11:35:23.644] [DEBUG] [WORLD ] Unloaded chunk -2,-21
[2026-05-06 11:35:23.644] [DEBUG] [WORLD ] Unloaded chunk -2,-20
[2026-05-06 11:35:23.644] [DEBUG] [WORLD ] Unloaded chunk -2,-19
[2026-05-06 11:35:23.644] [DEBUG] [WORLD ] Unloaded chunk -2,-18
[2026-05-06 11:35:23.644] [DEBUG] [WORLD ] Unloaded chunk -2,-17
[2026-05-06 11:35:23.644] [DEBUG] [WORLD ] Unloaded chunk -2,-22
[2026-05-06 11:35:23.644] [DEBUG] [WORLD ] Unloaded chunk -2,-16
[2026-05-06 11:35:23.644] [DEBUG] [WORLD ] Unloaded chunk -2,-15
[2026-05-06 11:35:23.644] [DEBUG] [WORLD ] Unloaded chunk -2,-7
[2026-05-06 11:35:23.644] [DEBUG] [WORLD ] Unloaded chunk -2,-12
[2026-05-06 11:35:23.644] [DEBUG] [WORLD ] Unloaded chunk -2,-11
[2026-05-06 11:35:23.644] [DEBUG] [WORLD ] Unloaded chunk -2,-10
[2026-05-06 11:35:23.644] [DEBUG] [WORLD ] Unloaded chunk -2,-9
[2026-05-06 11:35:23.644] [DEBUG] [WORLD ] Unloaded chunk -2,-14
[2026-05-06 11:35:23.645] [DEBUG] [WORLD ] Unloaded chunk -2,-13
[2026-05-06 11:35:23.645] [DEBUG] [WORLD ] Unloaded chunk -2,-8
[2026-05-06 11:35:23.690] [DEBUG] [WORLD ] Loaded chunk 13,-25 (slot 5)
[2026-05-06 11:35:23.697] [DEBUG] [WORLD ] Loaded chunk 13,-15 (slot 11)
[2026-05-06 11:35:23.703] [DEBUG] [WORLD ] Loaded chunk 13,-14 (slot 17)
[2026-05-06 11:35:23.709] [DEBUG] [WORLD ] Loaded chunk 13,-13 (slot 23)
[2026-05-06 11:35:23.716] [DEBUG] [WORLD ] Loaded chunk 13,-12 (slot 30)
[2026-05-06 11:35:23.722] [DEBUG] [WORLD ] Loaded chunk 13,-11 (slot 32)
[2026-05-06 11:35:23.729] [DEBUG] [WORLD ] Loaded chunk 13,-10 (slot 48)
[2026-05-06 11:35:23.735] [DEBUG] [WORLD ] Loaded chunk 13,-9 (slot 69)
[2026-05-06 11:35:23.742] [DEBUG] [WORLD ] Loaded chunk 14,-25 (slot 163)
[2026-05-06 11:35:23.748] [DEBUG] [WORLD ] Loaded chunk 14,-24 (slot 174)
[2026-05-06 11:35:23.755] [DEBUG] [WORLD ] Loaded chunk 14,-23 (slot 178)
[2026-05-06 11:35:23.763] [DEBUG] [WORLD ] Loaded chunk 14,-22 (slot 182)
[2026-05-06 11:35:23.775] [DEBUG] [WORLD ] Loaded chunk 14,-21 (slot 186)
[2026-05-06 11:35:23.785] [DEBUG] [WORLD ] Loaded chunk 14,-20 (slot 207)
[2026-05-06 11:35:23.797] [DEBUG] [WORLD ] Loaded chunk 14,-19 (slot 222)
[2026-05-06 11:35:23.805] [DEBUG] [WORLD ] Loaded chunk 14,-18 (slot 252)
[2026-05-06 11:35:24.010] [DEBUG] [WORLD ] Unloaded chunk 10,-7
[2026-05-06 11:35:24.011] [DEBUG] [WORLD ] Unloaded chunk 11,-7
[2026-05-06 11:35:24.011] [DEBUG] [WORLD ] Unloaded chunk 9,-7
[2026-05-06 11:35:24.011] [DEBUG] [WORLD ] Unloaded chunk -1,-7
[2026-05-06 11:35:24.011] [DEBUG] [WORLD ] Unloaded chunk 0,-7
[2026-05-06 11:35:24.011] [DEBUG] [WORLD ] Unloaded chunk 1,-7
[2026-05-06 11:35:24.011] [DEBUG] [WORLD ] Unloaded chunk 2,-7
[2026-05-06 11:35:24.011] [DEBUG] [WORLD ] Unloaded chunk 3,-7
[2026-05-06 11:35:24.011] [DEBUG] [WORLD ] Unloaded chunk 4,-7
[2026-05-06 11:35:24.011] [DEBUG] [WORLD ] Unloaded chunk 5,-7
[2026-05-06 11:35:24.011] [DEBUG] [WORLD ] Unloaded chunk 6,-7
[2026-05-06 11:35:24.011] [DEBUG] [WORLD ] Unloaded chunk 7,-7
[2026-05-06 11:35:24.011] [DEBUG] [WORLD ] Unloaded chunk 8,-7
[2026-05-06 11:35:24.057] [DEBUG] [WORLD ] Loaded chunk 1,-26 (slot 82)
[2026-05-06 11:35:24.064] [DEBUG] [WORLD ] Loaded chunk 2,-26 (slot 92)
[2026-05-06 11:35:24.072] [DEBUG] [WORLD ] Loaded chunk 3,-26 (slot 136)
[2026-05-06 11:35:24.080] [DEBUG] [WORLD ] Loaded chunk 4,-26 (slot 167)
[2026-05-06 11:35:24.088] [DEBUG] [WORLD ] Loaded chunk 5,-26 (slot 171)
[2026-05-06 11:35:24.096] [DEBUG] [WORLD ] Loaded chunk 6,-26 (slot 175)
[2026-05-06 11:35:24.103] [DEBUG] [WORLD ] Loaded chunk 7,-26 (slot 179)
[2026-05-06 11:35:24.109] [DEBUG] [WORLD ] Loaded chunk 8,-26 (slot 183)
[2026-05-06 11:35:24.115] [DEBUG] [WORLD ] Loaded chunk 9,-26 (slot 187)
[2026-05-06 11:35:24.122] [DEBUG] [WORLD ] Loaded chunk 10,-26 (slot 191)
[2026-05-06 11:35:24.129] [DEBUG] [WORLD ] Loaded chunk 11,-26 (slot 195)
[2026-05-06 11:35:24.136] [DEBUG] [WORLD ] Loaded chunk 12,-26 (slot 210)
[2026-05-06 11:35:24.143] [DEBUG] [WORLD ] Loaded chunk 13,-26 (slot 273)
[2026-05-06 11:35:24.544] [DEBUG] [WORLD ] Unloaded chunk -1,-21
[2026-05-06 11:35:24.544] [DEBUG] [WORLD ] Unloaded chunk -1,-20
[2026-05-06 11:35:24.544] [DEBUG] [WORLD ] Unloaded chunk -1,-19
[2026-05-06 11:35:24.544] [DEBUG] [WORLD ] Unloaded chunk -1,-18
[2026-05-06 11:35:24.544] [DEBUG] [WORLD ] Unloaded chunk -1,-22
[2026-05-06 11:35:24.544] [DEBUG] [WORLD ] Unloaded chunk -1,-17
[2026-05-06 11:35:24.544] [DEBUG] [WORLD ] Unloaded chunk -1,-23
[2026-05-06 11:35:24.544] [DEBUG] [WORLD ] Unloaded chunk -1,-16
[2026-05-06 11:35:24.544] [DEBUG] [WORLD ] Unloaded chunk -1,-15
[2026-05-06 11:35:24.544] [DEBUG] [WORLD ] Unloaded chunk -1,-24
[2026-05-06 11:35:24.545] [DEBUG] [WORLD ] Unloaded chunk -1,-12
[2026-05-06 11:35:24.545] [DEBUG] [WORLD ] Unloaded chunk -1,-11
[2026-05-06 11:35:24.545] [DEBUG] [WORLD ] Unloaded chunk -1,-10
[2026-05-06 11:35:24.545] [DEBUG] [WORLD ] Unloaded chunk -1,-9
[2026-05-06 11:35:24.545] [DEBUG] [WORLD ] Unloaded chunk -1,-14
[2026-05-06 11:35:24.545] [DEBUG] [WORLD ] Unloaded chunk -1,-8
[2026-05-06 11:35:24.545] [DEBUG] [WORLD ] Unloaded chunk -1,-13
[2026-05-06 11:35:24.591] [DEBUG] [WORLD ] Loaded chunk 14,-26 (slot 10)
[2026-05-06 11:35:24.599] [DEBUG] [WORLD ] Loaded chunk 14,-17 (slot 16)
[2026-05-06 11:35:24.605] [DEBUG] [WORLD ] Loaded chunk 14,-16 (slot 22)
[2026-05-06 11:35:24.612] [DEBUG] [WORLD ] Loaded chunk 14,-15 (slot 29)
[2026-05-06 11:35:24.620] [DEBUG] [WORLD ] Loaded chunk 14,-14 (slot 34)
[2026-05-06 11:35:24.626] [DEBUG] [WORLD ] Loaded chunk 14,-13 (slot 47)
[2026-05-06 11:35:24.633] [DEBUG] [WORLD ] Loaded chunk 14,-12 (slot 49)
[2026-05-06 11:35:24.640] [DEBUG] [WORLD ] Loaded chunk 14,-11 (slot 56)
[2026-05-06 11:35:24.646] [DEBUG] [WORLD ] Loaded chunk 14,-10 (slot 71)
[2026-05-06 11:35:24.653] [DEBUG] [WORLD ] Loaded chunk 15,-26 (slot 94)
[2026-05-06 11:35:24.663] [DEBUG] [WORLD ] Loaded chunk 15,-25 (slot 190)
[2026-05-06 11:35:24.670] [DEBUG] [WORLD ] Loaded chunk 15,-24 (slot 194)
[2026-05-06 11:35:24.677] [DEBUG] [WORLD ] Loaded chunk 15,-23 (slot 209)
[2026-05-06 11:35:24.691] [DEBUG] [WORLD ] Loaded chunk 15,-22 (slot 224)
[2026-05-06 11:35:24.707] [DEBUG] [WORLD ] Loaded chunk 15,-21 (slot 238)
[2026-05-06 11:35:24.715] [DEBUG] [WORLD ] Loaded chunk 15,-20 (slot 254)
[2026-05-06 11:35:24.725] [DEBUG] [WORLD ] Loaded chunk 15,-19 (slot 285)
[2026-05-06 11:35:24.725] [DEBUG] [WORLD ] Unloaded chunk 11,-8
[2026-05-06 11:35:24.726] [DEBUG] [WORLD ] Unloaded chunk 12,-8
[2026-05-06 11:35:24.726] [DEBUG] [WORLD ] Unloaded chunk 10,-8
[2026-05-06 11:35:24.726] [DEBUG] [WORLD ] Unloaded chunk 9,-8
[2026-05-06 11:35:24.726] [DEBUG] [WORLD ] Unloaded chunk 0,-8
[2026-05-06 11:35:24.726] [DEBUG] [WORLD ] Unloaded chunk 1,-8
[2026-05-06 11:35:24.726] [DEBUG] [WORLD ] Unloaded chunk 2,-8
[2026-05-06 11:35:24.726] [DEBUG] [WORLD ] Unloaded chunk 3,-8
[2026-05-06 11:35:24.726] [DEBUG] [WORLD ] Unloaded chunk 4,-8
[2026-05-06 11:35:24.726] [DEBUG] [WORLD ] Unloaded chunk 5,-8
[2026-05-06 11:35:24.726] [DEBUG] [WORLD ] Unloaded chunk 6,-8
[2026-05-06 11:35:24.726] [DEBUG] [WORLD ] Unloaded chunk 7,-8
[2026-05-06 11:35:24.726] [DEBUG] [WORLD ] Unloaded chunk 8,-8
[2026-05-06 11:35:24.773] [DEBUG] [WORLD ] Loaded chunk 2,-27 (slot 65)
[2026-05-06 11:35:24.783] [DEBUG] [WORLD ] Loaded chunk 3,-27 (slot 67)
[2026-05-06 11:35:24.790] [DEBUG] [WORLD ] Loaded chunk 4,-27 (slot 81)
[2026-05-06 11:35:24.796] [DEBUG] [WORLD ] Loaded chunk 5,-27 (slot 103)
[2026-05-06 11:35:24.803] [DEBUG] [WORLD ] Loaded chunk 6,-27 (slot 256)
[2026-05-06 11:35:24.810] [DEBUG] [WORLD ] Loaded chunk 7,-27 (slot 258)
[2026-05-06 11:35:24.817] [DEBUG] [WORLD ] Loaded chunk 8,-27 (slot 260)
[2026-05-06 11:35:24.824] [DEBUG] [WORLD ] Loaded chunk 9,-27 (slot 262)
[2026-05-06 11:35:24.831] [DEBUG] [WORLD ] Loaded chunk 10,-27 (slot 264)
[2026-05-06 11:35:24.839] [DEBUG] [WORLD ] Loaded chunk 11,-27 (slot 266)
[2026-05-06 11:35:24.849] [DEBUG] [WORLD ] Loaded chunk 12,-27 (slot 268)
[2026-05-06 11:35:24.860] [DEBUG] [WORLD ] Loaded chunk 13,-27 (slot 270)
[2026-05-06 11:35:24.870] [DEBUG] [WORLD ] Loaded chunk 14,-27 (slot 272)
[2026-05-06 11:35:25.327] [DEBUG] [WORLD ] Unloaded chunk 7,-9
[2026-05-06 11:35:25.327] [DEBUG] [WORLD ] Unloaded chunk 5,-9
[2026-05-06 11:35:25.327] [DEBUG] [WORLD ] Unloaded chunk 11,-9
[2026-05-06 11:35:25.327] [DEBUG] [WORLD ] Unloaded chunk 12,-9
[2026-05-06 11:35:25.327] [DEBUG] [WORLD ] Unloaded chunk 10,-9
[2026-05-06 11:35:25.327] [DEBUG] [WORLD ] Unloaded chunk 13,-9
[2026-05-06 11:35:25.327] [DEBUG] [WORLD ] Unloaded chunk 9,-9
[2026-05-06 11:35:25.327] [DEBUG] [WORLD ] Unloaded chunk 8,-9
[2026-05-06 11:35:25.328] [DEBUG] [WORLD ] Unloaded chunk 2,-9
[2026-05-06 11:35:25.328] [DEBUG] [WORLD ] Unloaded chunk 1,-9
[2026-05-06 11:35:25.328] [DEBUG] [WORLD ] Unloaded chunk 0,-9
[2026-05-06 11:35:25.328] [DEBUG] [WORLD ] Unloaded chunk 3,-9
[2026-05-06 11:35:25.328] [DEBUG] [WORLD ] Unloaded chunk 4,-9
[2026-05-06 11:35:25.328] [DEBUG] [WORLD ] Unloaded chunk 6,-9
[2026-05-06 11:35:25.383] [DEBUG] [WORLD ] Loaded chunk 2,-28 (slot 4)
[2026-05-06 11:35:25.390] [DEBUG] [WORLD ] Loaded chunk 3,-28 (slot 31)
[2026-05-06 11:35:25.397] [DEBUG] [WORLD ] Loaded chunk 4,-28 (slot 39)
[2026-05-06 11:35:25.404] [DEBUG] [WORLD ] Loaded chunk 5,-28 (slot 41)
[2026-05-06 11:35:25.410] [DEBUG] [WORLD ] Loaded chunk 6,-28 (slot 63)
[2026-05-06 11:35:25.420] [DEBUG] [WORLD ] Loaded chunk 7,-28 (slot 69)
[2026-05-06 11:35:25.427] [DEBUG] [WORLD ] Loaded chunk 8,-28 (slot 101)
[2026-05-06 11:35:25.435] [DEBUG] [WORLD ] Loaded chunk 9,-28 (slot 127)
[2026-05-06 11:35:25.444] [DEBUG] [WORLD ] Loaded chunk 10,-28 (slot 145)
[2026-05-06 11:35:25.453] [DEBUG] [WORLD ] Loaded chunk 11,-28 (slot 146)
[2026-05-06 11:35:25.462] [DEBUG] [WORLD ] Loaded chunk 12,-28 (slot 147)
[2026-05-06 11:35:25.470] [DEBUG] [WORLD ] Loaded chunk 13,-28 (slot 153)
[2026-05-06 11:35:25.481] [DEBUG] [WORLD ] Loaded chunk 14,-28 (slot 189)
[2026-05-06 11:35:25.491] [DEBUG] [WORLD ] Loaded chunk 15,-28 (slot 230)
[2026-05-06 11:35:25.492] [DEBUG] [WORLD ] Unloaded chunk 0,-21
[2026-05-06 11:35:25.492] [DEBUG] [WORLD ] Unloaded chunk 0,-20
[2026-05-06 11:35:25.492] [DEBUG] [WORLD ] Unloaded chunk 0,-19
[2026-05-06 11:35:25.492] [DEBUG] [WORLD ] Unloaded chunk 0,-22
[2026-05-06 11:35:25.492] [DEBUG] [WORLD ] Unloaded chunk 0,-18
[2026-05-06 11:35:25.492] [DEBUG] [WORLD ] Unloaded chunk 0,-17
[2026-05-06 11:35:25.492] [DEBUG] [WORLD ] Unloaded chunk 0,-23
[2026-05-06 11:35:25.492] [DEBUG] [WORLD ] Unloaded chunk 0,-16
[2026-05-06 11:35:25.492] [DEBUG] [WORLD ] Unloaded chunk 0,-15
[2026-05-06 11:35:25.492] [DEBUG] [WORLD ] Unloaded chunk 0,-14
[2026-05-06 11:35:25.492] [DEBUG] [WORLD ] Unloaded chunk 0,-24
[2026-05-06 11:35:25.492] [DEBUG] [WORLD ] Unloaded chunk 0,-25
[2026-05-06 11:35:25.492] [DEBUG] [WORLD ] Unloaded chunk 0,-13
[2026-05-06 11:35:25.492] [DEBUG] [WORLD ] Unloaded chunk 0,-10
[2026-05-06 11:35:25.492] [DEBUG] [WORLD ] Unloaded chunk 0,-12
[2026-05-06 11:35:25.492] [DEBUG] [WORLD ] Unloaded chunk 0,-11
[2026-05-06 11:35:25.518] [DEBUG] [WORLD ] Loaded chunk 15,-27 (slot 15)
[2026-05-06 11:35:25.525] [DEBUG] [WORLD ] Loaded chunk 15,-18 (slot 21)
[2026-05-06 11:35:25.532] [DEBUG] [WORLD ] Loaded chunk 15,-17 (slot 28)
[2026-05-06 11:35:25.539] [DEBUG] [WORLD ] Loaded chunk 15,-16 (slot 36)
[2026-05-06 11:35:25.548] [DEBUG] [WORLD ] Loaded chunk 15,-15 (slot 46)
[2026-05-06 11:35:25.560] [DEBUG] [WORLD ] Loaded chunk 15,-14 (slot 55)
[2026-05-06 11:35:25.570] [DEBUG] [WORLD ] Loaded chunk 15,-13 (slot 58)
[2026-05-06 11:35:25.584] [DEBUG] [WORLD ] Loaded chunk 15,-12 (slot 79)
[2026-05-06 11:35:25.592] [DEBUG] [WORLD ] Loaded chunk 16,-28 (slot 80)
[2026-05-06 11:35:25.600] [DEBUG] [WORLD ] Loaded chunk 16,-27 (slot 90)
[2026-05-06 11:35:25.608] [DEBUG] [WORLD ] Loaded chunk 16,-26 (slot 96)
[2026-05-06 11:35:25.617] [DEBUG] [WORLD ] Loaded chunk 16,-25 (slot 105)
[2026-05-06 11:35:25.628] [DEBUG] [WORLD ] Loaded chunk 16,-24 (slot 119)
[2026-05-06 11:35:25.641] [DEBUG] [WORLD ] Loaded chunk 16,-23 (slot 132)
[2026-05-06 11:35:25.650] [DEBUG] [WORLD ] Loaded chunk 16,-22 (slot 240)
[2026-05-06 11:35:25.661] [DEBUG] [WORLD ] Loaded chunk 16,-21 (slot 287)
[2026-05-06 11:35:25.960] [DEBUG] [WORLD ] Unloaded chunk 1,-21
[2026-05-06 11:35:25.960] [DEBUG] [WORLD ] Unloaded chunk 1,-20
[2026-05-06 11:35:25.960] [DEBUG] [WORLD ] Unloaded chunk 1,-22
[2026-05-06 11:35:25.961] [DEBUG] [WORLD ] Unloaded chunk 1,-19
[2026-05-06 11:35:25.961] [DEBUG] [WORLD ] Unloaded chunk 1,-18
[2026-05-06 11:35:25.961] [DEBUG] [WORLD ] Unloaded chunk 1,-23
[2026-05-06 11:35:25.961] [DEBUG] [WORLD ] Unloaded chunk 1,-17
[2026-05-06 11:35:25.961] [DEBUG] [WORLD ] Unloaded chunk 1,-26
[2026-05-06 11:35:25.961] [DEBUG] [WORLD ] Unloaded chunk 1,-16
[2026-05-06 11:35:25.961] [DEBUG] [WORLD ] Unloaded chunk 1,-24
[2026-05-06 11:35:25.961] [DEBUG] [WORLD ] Unloaded chunk 1,-11
[2026-05-06 11:35:25.961] [DEBUG] [WORLD ] Unloaded chunk 1,-10
[2026-05-06 11:35:25.961] [DEBUG] [WORLD ] Unloaded chunk 1,-25
[2026-05-06 11:35:25.961] [DEBUG] [WORLD ] Unloaded chunk 1,-15
[2026-05-06 11:35:25.961] [DEBUG] [WORLD ] Unloaded chunk 1,-14
[2026-05-06 11:35:25.961] [DEBUG] [WORLD ] Unloaded chunk 1,-13
[2026-05-06 11:35:25.961] [DEBUG] [WORLD ] Unloaded chunk 1,-12
[2026-05-06 11:35:26.017] [DEBUG] [WORLD ] Loaded chunk 16,-20 (slot 20)
[2026-05-06 11:35:26.021] [DEBUG] [WORLD ] Loaded chunk 16,-19 (slot 27)
[2026-05-06 11:35:26.024] [DEBUG] [WORLD ] Loaded chunk 16,-18 (slot 38)
[2026-05-06 11:35:26.027] [DEBUG] [WORLD ] Loaded chunk 16,-17 (slot 45)
[2026-05-06 11:35:26.030] [DEBUG] [WORLD ] Loaded chunk 16,-16 (slot 54)
[2026-05-06 11:35:26.034] [DEBUG] [WORLD ] Loaded chunk 16,-15 (slot 60)
[2026-05-06 11:35:26.038] [DEBUG] [WORLD ] Loaded chunk 16,-14 (slot 78)
[2026-05-06 11:35:26.048] [DEBUG] [WORLD ] Loaded chunk 16,-13 (slot 82)
[2026-05-06 11:35:26.094] [DEBUG] [WORLD ] Loaded chunk 16,-12 (slot 89)
[2026-05-06 11:35:26.101] [DEBUG] [WORLD ] Loaded chunk 17,-28 (slot 98)
[2026-05-06 11:35:26.110] [DEBUG] [WORLD ] Loaded chunk 17,-27 (slot 118)
[2026-05-06 11:35:26.119] [DEBUG] [WORLD ] Loaded chunk 17,-26 (slot 131)
[2026-05-06 11:35:26.127] [DEBUG] [WORLD ] Loaded chunk 17,-25 (slot 137)
[2026-05-06 11:35:26.136] [DEBUG] [WORLD ] Loaded chunk 17,-24 (slot 206)
[2026-05-06 11:35:26.143] [DEBUG] [WORLD ] Loaded chunk 17,-23 (slot 221)
[2026-05-06 11:35:26.151] [DEBUG] [WORLD ] Loaded chunk 17,-22 (slot 237)
[2026-05-06 11:35:26.157] [DEBUG] [WORLD ] Loaded chunk 17,-21 (slot 284)
[2026-05-06 11:35:26.510] [DEBUG] [WORLD ] Unloaded chunk 2,-28
[2026-05-06 11:35:26.511] [DEBUG] [WORLD ] Unloaded chunk 2,-21
[2026-05-06 11:35:26.511] [DEBUG] [WORLD ] Unloaded chunk 2,-22
[2026-05-06 11:35:26.511] [DEBUG] [WORLD ] Unloaded chunk 2,-20
[2026-05-06 11:35:26.511] [DEBUG] [WORLD ] Unloaded chunk 2,-19
[2026-05-06 11:35:26.511] [DEBUG] [WORLD ] Unloaded chunk 2,-23
[2026-05-06 11:35:26.511] [DEBUG] [WORLD ] Unloaded chunk 2,-27
[2026-05-06 11:35:26.511] [DEBUG] [WORLD ] Unloaded chunk 2,-18
[2026-05-06 11:35:26.511] [DEBUG] [WORLD ] Unloaded chunk 2,-17
[2026-05-06 11:35:26.511] [DEBUG] [WORLD ] Unloaded chunk 2,-26
[2026-05-06 11:35:26.511] [DEBUG] [WORLD ] Unloaded chunk 2,-24
[2026-05-06 11:35:26.511] [DEBUG] [WORLD ] Unloaded chunk 2,-11
[2026-05-06 11:35:26.511] [DEBUG] [WORLD ] Unloaded chunk 2,-10
[2026-05-06 11:35:26.511] [DEBUG] [WORLD ] Unloaded chunk 2,-25
[2026-05-06 11:35:26.511] [DEBUG] [WORLD ] Unloaded chunk 2,-16
[2026-05-06 11:35:26.511] [DEBUG] [WORLD ] Unloaded chunk 2,-15
[2026-05-06 11:35:26.511] [DEBUG] [WORLD ] Unloaded chunk 2,-14
[2026-05-06 11:35:26.511] [DEBUG] [WORLD ] Unloaded chunk 2,-13
[2026-05-06 11:35:26.511] [DEBUG] [WORLD ] Unloaded chunk 2,-12
[2026-05-06 11:35:26.554] [DEBUG] [WORLD ] Loaded chunk 17,-20 (slot 4)
[2026-05-06 11:35:26.561] [DEBUG] [WORLD ] Loaded chunk 17,-19 (slot 26)
[2026-05-06 11:35:26.568] [DEBUG] [WORLD ] Loaded chunk 17,-18 (slot 40)
[2026-05-06 11:35:26.575] [DEBUG] [WORLD ] Loaded chunk 17,-17 (slot 44)
[2026-05-06 11:35:26.581] [DEBUG] [WORLD ] Loaded chunk 17,-16 (slot 53)
[2026-05-06 11:35:26.588] [DEBUG] [WORLD ] Loaded chunk 17,-15 (slot 62)
[2026-05-06 11:35:26.595] [DEBUG] [WORLD ] Loaded chunk 17,-14 (slot 65)
[2026-05-06 11:35:26.602] [DEBUG] [WORLD ] Loaded chunk 17,-13 (slot 77)
[2026-05-06 11:35:26.609] [DEBUG] [WORLD ] Loaded chunk 17,-12 (slot 88)
[2026-05-06 11:35:26.616] [DEBUG] [WORLD ] Loaded chunk 18,-28 (slot 92)
[2026-05-06 11:35:26.623] [DEBUG] [WORLD ] Loaded chunk 18,-27 (slot 100)
[2026-05-06 11:35:26.631] [DEBUG] [WORLD ] Loaded chunk 18,-26 (slot 117)
[2026-05-06 11:35:26.637] [DEBUG] [WORLD ] Loaded chunk 18,-25 (slot 130)
[2026-05-06 11:35:26.645] [DEBUG] [WORLD ] Loaded chunk 18,-24 (slot 164)
[2026-05-06 11:35:26.651] [DEBUG] [WORLD ] Loaded chunk 18,-23 (slot 205)
[2026-05-06 11:35:26.658] [DEBUG] [WORLD ] Loaded chunk 18,-22 (slot 220)
[2026-05-06 11:35:26.665] [DEBUG] [WORLD ] Loaded chunk 18,-21 (slot 236)
[2026-05-06 11:35:26.675] [DEBUG] [WORLD ] Loaded chunk 18,-20 (slot 283)
[2026-05-06 11:35:26.723] [DEBUG] [WORLD ] Loaded chunk 18,-19 (slot 286)
[2026-05-06 11:35:31.211] [DEBUG] [WORLD ] Unloaded chunk 12,-24
[2026-05-06 11:35:31.211] [DEBUG] [WORLD ] Unloaded chunk 11,-13
[2026-05-06 11:35:31.211] [DEBUG] [WORLD ] Unloaded chunk 10,-13
[2026-05-06 11:35:31.211] [DEBUG] [WORLD ] Unloaded chunk 9,-13
[2026-05-06 11:35:31.211] [DEBUG] [WORLD ] Unloaded chunk 17,-20
[2026-05-06 11:35:31.211] [DEBUG] [WORLD ] Unloaded chunk 13,-25
[2026-05-06 11:35:31.211] [DEBUG] [WORLD ] Unloaded chunk 12,-14
[2026-05-06 11:35:31.211] [DEBUG] [WORLD ] Unloaded chunk 11,-12
[2026-05-06 11:35:31.211] [DEBUG] [WORLD ] Unloaded chunk 10,-12
[2026-05-06 11:35:31.211] [DEBUG] [WORLD ] Unloaded chunk 9,-12
[2026-05-06 11:35:31.211] [DEBUG] [WORLD ] Unloaded chunk 14,-26
[2026-05-06 11:35:31.211] [DEBUG] [WORLD ] Unloaded chunk 13,-15
[2026-05-06 11:35:31.211] [DEBUG] [WORLD ] Unloaded chunk 12,-13
[2026-05-06 11:35:31.211] [DEBUG] [WORLD ] Unloaded chunk 11,-11
[2026-05-06 11:35:31.211] [DEBUG] [WORLD ] Unloaded chunk 10,-11
[2026-05-06 11:35:31.211] [DEBUG] [WORLD ] Unloaded chunk 15,-27
[2026-05-06 11:35:31.211] [DEBUG] [WORLD ] Unloaded chunk 14,-17
[2026-05-06 11:35:31.211] [DEBUG] [WORLD ] Unloaded chunk 13,-14
[2026-05-06 11:35:31.211] [DEBUG] [WORLD ] Unloaded chunk 12,-12
[2026-05-06 11:35:31.211] [DEBUG] [WORLD ] Unloaded chunk 11,-10
[2026-05-06 11:35:31.211] [DEBUG] [WORLD ] Unloaded chunk 16,-20
[2026-05-06 11:35:31.211] [DEBUG] [WORLD ] Unloaded chunk 15,-18
[2026-05-06 11:35:31.211] [DEBUG] [WORLD ] Unloaded chunk 14,-16
[2026-05-06 11:35:31.211] [DEBUG] [WORLD ] Unloaded chunk 13,-13
[2026-05-06 11:35:31.211] [DEBUG] [WORLD ] Unloaded chunk 12,-11
[2026-05-06 11:35:31.211] [DEBUG] [WORLD ] Unloaded chunk 12,-10
[2026-05-06 11:35:31.211] [DEBUG] [WORLD ] Unloaded chunk 17,-19
[2026-05-06 11:35:31.211] [DEBUG] [WORLD ] Unloaded chunk 16,-19
[2026-05-06 11:35:31.211] [DEBUG] [WORLD ] Unloaded chunk 15,-17
[2026-05-06 11:35:31.211] [DEBUG] [WORLD ] Unloaded chunk 14,-15
[2026-05-06 11:35:31.212] [DEBUG] [WORLD ] Unloaded chunk 13,-12
[2026-05-06 11:35:31.212] [DEBUG] [WORLD ] Unloaded chunk 3,-28
[2026-05-06 11:35:31.212] [DEBUG] [WORLD ] Unloaded chunk 13,-11
[2026-05-06 11:35:31.212] [DEBUG] [WORLD ] Unloaded chunk 8,-19
[2026-05-06 11:35:31.212] [DEBUG] [WORLD ] Unloaded chunk 14,-14
[2026-05-06 11:35:31.212] [DEBUG] [WORLD ] Unloaded chunk 9,-11
[2026-05-06 11:35:31.212] [DEBUG] [WORLD ] Unloaded chunk 15,-16
[2026-05-06 11:35:31.212] [DEBUG] [WORLD ] Unloaded chunk 10,-10
[2026-05-06 11:35:31.212] [DEBUG] [WORLD ] Unloaded chunk 16,-18
[2026-05-06 11:35:31.212] [DEBUG] [WORLD ] Unloaded chunk 4,-28
[2026-05-06 11:35:31.212] [DEBUG] [WORLD ] Unloaded chunk 17,-18
[2026-05-06 11:35:31.212] [DEBUG] [WORLD ] Unloaded chunk 5,-28
[2026-05-06 11:35:31.212] [DEBUG] [WORLD ] Unloaded chunk 3,-22
[2026-05-06 11:35:31.212] [DEBUG] [WORLD ] Unloaded chunk 3,-21
[2026-05-06 11:35:31.212] [DEBUG] [WORLD ] Unloaded chunk 17,-17
[2026-05-06 11:35:31.212] [DEBUG] [WORLD ] Unloaded chunk 16,-17
[2026-05-06 11:35:31.212] [DEBUG] [WORLD ] Unloaded chunk 15,-15
[2026-05-06 11:35:31.212] [DEBUG] [WORLD ] Unloaded chunk 14,-13
[2026-05-06 11:35:31.212] [DEBUG] [WORLD ] Unloaded chunk 13,-10
[2026-05-06 11:35:31.212] [DEBUG] [WORLD ] Unloaded chunk 14,-12
[2026-05-06 11:35:31.212] [DEBUG] [WORLD ] Unloaded chunk 4,-22
[2026-05-06 11:35:31.212] [DEBUG] [WORLD ] Unloaded chunk 4,-21
[2026-05-06 11:35:31.212] [DEBUG] [WORLD ] Unloaded chunk 3,-20
[2026-05-06 11:35:31.212] [DEBUG] [WORLD ] Unloaded chunk 17,-16
[2026-05-06 11:35:31.212] [DEBUG] [WORLD ] Unloaded chunk 16,-16
[2026-05-06 11:35:31.212] [DEBUG] [WORLD ] Unloaded chunk 15,-14
[2026-05-06 11:35:31.212] [DEBUG] [WORLD ] Unloaded chunk 14,-11
[2026-05-06 11:35:31.212] [DEBUG] [WORLD ] Unloaded chunk 6,-18
[2026-05-06 11:35:31.212] [DEBUG] [WORLD ] Unloaded chunk 15,-13
[2026-05-06 11:35:31.212] [DEBUG] [WORLD ] Unloaded chunk 8,-18
[2026-05-06 11:35:31.212] [DEBUG] [WORLD ] Unloaded chunk 16,-15
[2026-05-06 11:35:31.212] [DEBUG] [WORLD ] Unloaded chunk 9,-10
[2026-05-06 11:35:31.212] [DEBUG] [WORLD ] Unloaded chunk 17,-15
[2026-05-06 11:35:31.212] [DEBUG] [WORLD ] Unloaded chunk 6,-28
[2026-05-06 11:35:31.212] [DEBUG] [WORLD ] Unloaded chunk 3,-23
[2026-05-06 11:35:31.212] [DEBUG] [WORLD ] Unloaded chunk 17,-14
[2026-05-06 11:35:31.212] [DEBUG] [WORLD ] Unloaded chunk 4,-23
[2026-05-06 11:35:31.212] [DEBUG] [WORLD ] Unloaded chunk 3,-27
[2026-05-06 11:35:31.212] [DEBUG] [WORLD ] Unloaded chunk 5,-23
[2026-05-06 11:35:31.212] [DEBUG] [WORLD ] Unloaded chunk 7,-28
[2026-05-06 11:35:31.212] [DEBUG] [WORLD ] Unloaded chunk 6,-23
[2026-05-06 11:35:31.212] [DEBUG] [WORLD ] Unloaded chunk 14,-10
[2026-05-06 11:35:31.212] [DEBUG] [WORLD ] Unloaded chunk 7,-23
[2026-05-06 11:35:31.212] [DEBUG] [WORLD ] Unloaded chunk 5,-22
[2026-05-06 11:35:31.212] [DEBUG] [WORLD ] Unloaded chunk 5,-21
[2026-05-06 11:35:31.212] [DEBUG] [WORLD ] Unloaded chunk 4,-20
[2026-05-06 11:35:31.212] [DEBUG] [WORLD ] Unloaded chunk 3,-19
[2026-05-06 11:35:31.212] [DEBUG] [WORLD ] Unloaded chunk 17,-13
[2026-05-06 11:35:31.212] [DEBUG] [WORLD ] Unloaded chunk 16,-14
[2026-05-06 11:35:31.212] [DEBUG] [WORLD ] Unloaded chunk 15,-12
[2026-05-06 11:35:31.212] [DEBUG] [WORLD ] Unloaded chunk 16,-28
[2026-05-06 11:35:31.212] [DEBUG] [WORLD ] Unloaded chunk 4,-27
[2026-05-06 11:35:31.212] [DEBUG] [WORLD ] Unloaded chunk 16,-13
[2026-05-06 11:35:31.212] [DEBUG] [WORLD ] Unloaded chunk 6,-22
[2026-05-06 11:35:31.212] [DEBUG] [WORLD ] Unloaded chunk 6,-21
[2026-05-06 11:35:31.212] [DEBUG] [WORLD ] Unloaded chunk 5,-20
[2026-05-06 11:35:31.212] [DEBUG] [WORLD ] Unloaded chunk 4,-19
[2026-05-06 11:35:31.212] [DEBUG] [WORLD ] Unloaded chunk 3,-18
[2026-05-06 11:35:31.212] [DEBUG] [WORLD ] Unloaded chunk 17,-12
[2026-05-06 11:35:31.212] [DEBUG] [WORLD ] Unloaded chunk 16,-12
[2026-05-06 11:35:31.212] [DEBUG] [WORLD ] Unloaded chunk 16,-27
[2026-05-06 11:35:31.212] [DEBUG] [WORLD ] Unloaded chunk 3,-12
[2026-05-06 11:35:31.212] [DEBUG] [WORLD ] Unloaded chunk 18,-28
[2026-05-06 11:35:31.212] [DEBUG] [WORLD ] Unloaded chunk 6,-17
[2026-05-06 11:35:31.212] [DEBUG] [WORLD ] Unloaded chunk 15,-26
[2026-05-06 11:35:31.212] [DEBUG] [WORLD ] Unloaded chunk 6,-16
[2026-05-06 11:35:31.212] [DEBUG] [WORLD ] Unloaded chunk 16,-26
[2026-05-06 11:35:31.212] [DEBUG] [WORLD ] Unloaded chunk 8,-17
[2026-05-06 11:35:31.212] [DEBUG] [WORLD ] Unloaded chunk 17,-28
[2026-05-06 11:35:31.212] [DEBUG] [WORLD ] Unloaded chunk 8,-16
[2026-05-06 11:35:31.212] [DEBUG] [WORLD ] Unloaded chunk 18,-27
[2026-05-06 11:35:31.212] [DEBUG] [WORLD ] Unloaded chunk 8,-28
[2026-05-06 11:35:31.212] [DEBUG] [WORLD ] Unloaded chunk 3,-24
[2026-05-06 11:35:31.212] [DEBUG] [WORLD ] Unloaded chunk 5,-27
[2026-05-06 11:35:31.212] [DEBUG] [WORLD ] Unloaded chunk 4,-24
[2026-05-06 11:35:31.212] [DEBUG] [WORLD ] Unloaded chunk 16,-25
[2026-05-06 11:35:31.212] [DEBUG] [WORLD ] Unloaded chunk 5,-24
[2026-05-06 11:35:31.212] [DEBUG] [WORLD ] Unloaded chunk 11,-22
[2026-05-06 11:35:31.212] [DEBUG] [WORLD ] Unloaded chunk 6,-24
[2026-05-06 11:35:31.212] [DEBUG] [WORLD ] Unloaded chunk 12,-23
[2026-05-06 11:35:31.212] [DEBUG] [WORLD ] Unloaded chunk 7,-24
[2026-05-06 11:35:31.212] [DEBUG] [WORLD ] Unloaded chunk 8,-23
[2026-05-06 11:35:31.212] [DEBUG] [WORLD ] Unloaded chunk 7,-22
[2026-05-06 11:35:31.212] [DEBUG] [WORLD ] Unloaded chunk 7,-21
[2026-05-06 11:35:31.212] [DEBUG] [WORLD ] Unloaded chunk 6,-20
[2026-05-06 11:35:31.212] [DEBUG] [WORLD ] Unloaded chunk 5,-19
[2026-05-06 11:35:31.212] [DEBUG] [WORLD ] Unloaded chunk 4,-18
[2026-05-06 11:35:31.212] [DEBUG] [WORLD ] Unloaded chunk 18,-26
[2026-05-06 11:35:31.213] [DEBUG] [WORLD ] Unloaded chunk 17,-27
[2026-05-06 11:35:31.213] [DEBUG] [WORLD ] Unloaded chunk 16,-24
[2026-05-06 11:35:31.213] [DEBUG] [WORLD ] Unloaded chunk 12,-22
[2026-05-06 11:35:31.213] [DEBUG] [WORLD ] Unloaded chunk 8,-15
[2026-05-06 11:35:31.213] [DEBUG] [WORLD ] Unloaded chunk 8,-14
[2026-05-06 11:35:31.213] [DEBUG] [WORLD ] Unloaded chunk 8,-13
[2026-05-06 11:35:31.213] [DEBUG] [WORLD ] Unloaded chunk 8,-12
[2026-05-06 11:35:31.213] [DEBUG] [WORLD ] Unloaded chunk 8,-11
[2026-05-06 11:35:31.213] [DEBUG] [WORLD ] Unloaded chunk 8,-10
[2026-05-06 11:35:31.213] [DEBUG] [WORLD ] Unloaded chunk 9,-28
[2026-05-06 11:35:31.213] [DEBUG] [WORLD ] Unloaded chunk 6,-19
[2026-05-06 11:35:31.213] [DEBUG] [WORLD ] Unloaded chunk 5,-18
[2026-05-06 11:35:31.213] [DEBUG] [WORLD ] Unloaded chunk 18,-25
[2026-05-06 11:35:31.213] [DEBUG] [WORLD ] Unloaded chunk 17,-26
[2026-05-06 11:35:31.213] [DEBUG] [WORLD ] Unloaded chunk 16,-23
[2026-05-06 11:35:31.213] [DEBUG] [WORLD ] Unloaded chunk 13,-24
[2026-05-06 11:35:31.213] [DEBUG] [WORLD ] Unloaded chunk 3,-11
[2026-05-06 11:35:31.213] [DEBUG] [WORLD ] Unloaded chunk 6,-15
[2026-05-06 11:35:31.213] [DEBUG] [WORLD ] Unloaded chunk 3,-26
[2026-05-06 11:35:31.213] [DEBUG] [WORLD ] Unloaded chunk 17,-25
[2026-05-06 11:35:31.213] [DEBUG] [WORLD ] Unloaded chunk 8,-24
[2026-05-06 11:35:31.213] [DEBUG] [WORLD ] Unloaded chunk 9,-23
[2026-05-06 11:35:31.213] [DEBUG] [WORLD ] Unloaded chunk 10,-20
[2026-05-06 11:35:31.213] [DEBUG] [WORLD ] Unloaded chunk 10,-19
[2026-05-06 11:35:31.213] [DEBUG] [WORLD ] Unloaded chunk 7,-20
[2026-05-06 11:35:31.213] [DEBUG] [WORLD ] Unloaded chunk 7,-19
[2026-05-06 11:35:31.213] [DEBUG] [WORLD ] Unloaded chunk 5,-14
[2026-05-06 11:35:31.213] [DEBUG] [WORLD ] Unloaded chunk 10,-28
[2026-05-06 11:35:31.213] [DEBUG] [WORLD ] Unloaded chunk 11,-28
[2026-05-06 11:35:31.213] [DEBUG] [WORLD ] Unloaded chunk 12,-28
[2026-05-06 11:35:31.213] [DEBUG] [WORLD ] Unloaded chunk 13,-23
[2026-05-06 11:35:31.213] [DEBUG] [WORLD ] Unloaded chunk 3,-10
[2026-05-06 11:35:31.213] [DEBUG] [WORLD ] Unloaded chunk 9,-19
[2026-05-06 11:35:31.213] [DEBUG] [WORLD ] Unloaded chunk 11,-21
[2026-05-06 11:35:31.213] [DEBUG] [WORLD ] Unloaded chunk 11,-20
[2026-05-06 11:35:31.213] [DEBUG] [WORLD ] Unloaded chunk 13,-28
[2026-05-06 11:35:31.213] [DEBUG] [WORLD ] Unloaded chunk 10,-18
[2026-05-06 11:35:31.213] [DEBUG] [WORLD ] Unloaded chunk 12,-21
[2026-05-06 11:35:31.213] [DEBUG] [WORLD ] Unloaded chunk 12,-20
[2026-05-06 11:35:31.213] [DEBUG] [WORLD ] Unloaded chunk 4,-17
[2026-05-06 11:35:31.213] [DEBUG] [WORLD ] Unloaded chunk 11,-19
[2026-05-06 11:35:31.213] [DEBUG] [WORLD ] Unloaded chunk 13,-22
[2026-05-06 11:35:31.213] [DEBUG] [WORLD ] Unloaded chunk 13,-21
[2026-05-06 11:35:31.213] [DEBUG] [WORLD ] Unloaded chunk 4,-16
[2026-05-06 11:35:31.213] [DEBUG] [WORLD ] Unloaded chunk 12,-19
[2026-05-06 11:35:31.213] [DEBUG] [WORLD ] Unloaded chunk 14,-25
[2026-05-06 11:35:31.213] [DEBUG] [WORLD ] Unloaded chunk 18,-24
[2026-05-06 11:35:31.213] [DEBUG] [WORLD ] Unloaded chunk 4,-15
[2026-05-06 11:35:31.213] [DEBUG] [WORLD ] Unloaded chunk 13,-20
[2026-05-06 11:35:31.213] [DEBUG] [WORLD ] Unloaded chunk 4,-26
[2026-05-06 11:35:31.213] [DEBUG] [WORLD ] Unloaded chunk 3,-25
[2026-05-06 11:35:31.213] [DEBUG] [WORLD ] Unloaded chunk 4,-14
[2026-05-06 11:35:31.213] [DEBUG] [WORLD ] Unloaded chunk 13,-19
[2026-05-06 11:35:31.213] [DEBUG] [WORLD ] Unloaded chunk 5,-26
[2026-05-06 11:35:31.213] [DEBUG] [WORLD ] Unloaded chunk 4,-25
[2026-05-06 11:35:31.213] [DEBUG] [WORLD ] Unloaded chunk 4,-13
[2026-05-06 11:35:31.213] [DEBUG] [WORLD ] Unloaded chunk 14,-24
[2026-05-06 11:35:31.213] [DEBUG] [WORLD ] Unloaded chunk 6,-26
[2026-05-06 11:35:31.213] [DEBUG] [WORLD ] Unloaded chunk 5,-25
[2026-05-06 11:35:31.213] [DEBUG] [WORLD ] Unloaded chunk 4,-12
[2026-05-06 11:35:31.213] [DEBUG] [WORLD ] Unloaded chunk 14,-23
[2026-05-06 11:35:31.213] [DEBUG] [WORLD ] Unloaded chunk 7,-26
[2026-05-06 11:35:31.213] [DEBUG] [WORLD ] Unloaded chunk 6,-25
[2026-05-06 11:35:31.213] [DEBUG] [WORLD ] Unloaded chunk 4,-11
[2026-05-06 11:35:31.213] [DEBUG] [WORLD ] Unloaded chunk 14,-22
[2026-05-06 11:35:31.213] [DEBUG] [WORLD ] Unloaded chunk 8,-26
[2026-05-06 11:35:31.213] [DEBUG] [WORLD ] Unloaded chunk 7,-25
[2026-05-06 11:35:31.213] [DEBUG] [WORLD ] Unloaded chunk 4,-10
[2026-05-06 11:35:31.213] [DEBUG] [WORLD ] Unloaded chunk 14,-21
[2026-05-06 11:35:31.213] [DEBUG] [WORLD ] Unloaded chunk 9,-26
[2026-05-06 11:35:31.213] [DEBUG] [WORLD ] Unloaded chunk 8,-25
[2026-05-06 11:35:31.213] [DEBUG] [WORLD ] Unloaded chunk 14,-28
[2026-05-06 11:35:31.213] [DEBUG] [WORLD ] Unloaded chunk 15,-25
[2026-05-06 11:35:31.213] [DEBUG] [WORLD ] Unloaded chunk 10,-26
[2026-05-06 11:35:31.213] [DEBUG] [WORLD ] Unloaded chunk 9,-25
[2026-05-06 11:35:31.213] [DEBUG] [WORLD ] Unloaded chunk 5,-17
[2026-05-06 11:35:31.213] [DEBUG] [WORLD ] Unloaded chunk 15,-24
[2026-05-06 11:35:31.213] [DEBUG] [WORLD ] Unloaded chunk 11,-26
[2026-05-06 11:35:31.213] [DEBUG] [WORLD ] Unloaded chunk 10,-25
[2026-05-06 11:35:31.213] [DEBUG] [WORLD ] Unloaded chunk 9,-24
[2026-05-06 11:35:31.213] [DEBUG] [WORLD ] Unloaded chunk 10,-23
[2026-05-06 11:35:31.213] [DEBUG] [WORLD ] Unloaded chunk 8,-22
[2026-05-06 11:35:31.213] [DEBUG] [WORLD ] Unloaded chunk 8,-21
[2026-05-06 11:35:31.213] [DEBUG] [WORLD ] Unloaded chunk 8,-20
[2026-05-06 11:35:31.213] [DEBUG] [WORLD ] Unloaded chunk 7,-12
[2026-05-06 11:35:31.213] [DEBUG] [WORLD ] Unloaded chunk 5,-13
[2026-05-06 11:35:31.213] [DEBUG] [WORLD ] Unloaded chunk 3,-17
[2026-05-06 11:35:31.213] [DEBUG] [WORLD ] Unloaded chunk 18,-23
[2026-05-06 11:35:31.214] [DEBUG] [WORLD ] Unloaded chunk 17,-24
[2026-05-06 11:35:31.214] [DEBUG] [WORLD ] Unloaded chunk 14,-20
[2026-05-06 11:35:31.214] [DEBUG] [WORLD ] Unloaded chunk 5,-16
[2026-05-06 11:35:31.214] [DEBUG] [WORLD ] Unloaded chunk 15,-23
[2026-05-06 11:35:31.214] [DEBUG] [WORLD ] Unloaded chunk 12,-26
[2026-05-06 11:35:31.214] [DEBUG] [WORLD ] Unloaded chunk 11,-25
[2026-05-06 11:35:31.214] [DEBUG] [WORLD ] Unloaded chunk 10,-24
[2026-05-06 11:35:31.214] [DEBUG] [WORLD ] Unloaded chunk 11,-23
[2026-05-06 11:35:31.214] [DEBUG] [WORLD ] Unloaded chunk 9,-22
[2026-05-06 11:35:31.214] [DEBUG] [WORLD ] Unloaded chunk 9,-21
[2026-05-06 11:35:31.214] [DEBUG] [WORLD ] Unloaded chunk 9,-20
[2026-05-06 11:35:31.214] [DEBUG] [WORLD ] Unloaded chunk 7,-11
[2026-05-06 11:35:31.214] [DEBUG] [WORLD ] Unloaded chunk 5,-12
[2026-05-06 11:35:31.214] [DEBUG] [WORLD ] Unloaded chunk 3,-16
[2026-05-06 11:35:31.214] [DEBUG] [WORLD ] Unloaded chunk 18,-22
[2026-05-06 11:35:31.214] [DEBUG] [WORLD ] Unloaded chunk 17,-23
[2026-05-06 11:35:31.214] [DEBUG] [WORLD ] Unloaded chunk 14,-19
[2026-05-06 11:35:31.214] [DEBUG] [WORLD ] Unloaded chunk 5,-15
[2026-05-06 11:35:31.214] [DEBUG] [WORLD ] Unloaded chunk 15,-22
[2026-05-06 11:35:31.214] [DEBUG] [WORLD ] Unloaded chunk 6,-14
[2026-05-06 11:35:31.214] [DEBUG] [WORLD ] Unloaded chunk 6,-13
[2026-05-06 11:35:31.214] [DEBUG] [WORLD ] Unloaded chunk 6,-12
[2026-05-06 11:35:31.214] [DEBUG] [WORLD ] Unloaded chunk 6,-11
[2026-05-06 11:35:31.214] [DEBUG] [WORLD ] Unloaded chunk 6,-10
[2026-05-06 11:35:31.214] [DEBUG] [WORLD ] Unloaded chunk 15,-28
[2026-05-06 11:35:31.214] [DEBUG] [WORLD ] Unloaded chunk 7,-18
[2026-05-06 11:35:31.214] [DEBUG] [WORLD ] Unloaded chunk 7,-17
[2026-05-06 11:35:31.214] [DEBUG] [WORLD ] Unloaded chunk 7,-16
[2026-05-06 11:35:31.214] [DEBUG] [WORLD ] Unloaded chunk 5,-11
[2026-05-06 11:35:31.214] [DEBUG] [WORLD ] Unloaded chunk 3,-15
[2026-05-06 11:35:31.214] [DEBUG] [WORLD ] Unloaded chunk 18,-21
[2026-05-06 11:35:31.214] [DEBUG] [WORLD ] Unloaded chunk 17,-22
[2026-05-06 11:35:31.214] [DEBUG] [WORLD ] Unloaded chunk 15,-21
[2026-05-06 11:35:31.214] [DEBUG] [WORLD ] Unloaded chunk 3,-14
[2026-05-06 11:35:31.214] [DEBUG] [WORLD ] Unloaded chunk 16,-22
[2026-05-06 11:35:31.214] [DEBUG] [WORLD ] Unloaded chunk 7,-15
[2026-05-06 11:35:31.214] [DEBUG] [WORLD ] Unloaded chunk 9,-18
[2026-05-06 11:35:31.214] [DEBUG] [WORLD ] Unloaded chunk 7,-14
[2026-05-06 11:35:31.214] [DEBUG] [WORLD ] Unloaded chunk 10,-17
[2026-05-06 11:35:31.214] [DEBUG] [WORLD ] Unloaded chunk 7,-13
[2026-05-06 11:35:31.214] [DEBUG] [WORLD ] Unloaded chunk 11,-18
[2026-05-06 11:35:31.214] [DEBUG] [WORLD ] Unloaded chunk 9,-17
[2026-05-06 11:35:31.214] [DEBUG] [WORLD ] Unloaded chunk 12,-18
[2026-05-06 11:35:31.214] [DEBUG] [WORLD ] Unloaded chunk 9,-16
[2026-05-06 11:35:31.214] [DEBUG] [WORLD ] Unloaded chunk 13,-18
[2026-05-06 11:35:31.214] [DEBUG] [WORLD ] Unloaded chunk 9,-15
[2026-05-06 11:35:31.214] [DEBUG] [WORLD ] Unloaded chunk 14,-18
[2026-05-06 11:35:31.214] [DEBUG] [WORLD ] Unloaded chunk 10,-16
[2026-05-06 11:35:31.214] [DEBUG] [WORLD ] Unloaded chunk 15,-20
[2026-05-06 11:35:31.214] [DEBUG] [WORLD ] Unloaded chunk 10,-15
[2026-05-06 11:35:31.214] [DEBUG] [WORLD ] Unloaded chunk 6,-27
[2026-05-06 11:35:31.214] [DEBUG] [WORLD ] Unloaded chunk 10,-14
[2026-05-06 11:35:31.214] [DEBUG] [WORLD ] Unloaded chunk 7,-27
[2026-05-06 11:35:31.214] [DEBUG] [WORLD ] Unloaded chunk 11,-17
[2026-05-06 11:35:31.214] [DEBUG] [WORLD ] Unloaded chunk 8,-27
[2026-05-06 11:35:31.214] [DEBUG] [WORLD ] Unloaded chunk 11,-16
[2026-05-06 11:35:31.214] [DEBUG] [WORLD ] Unloaded chunk 9,-27
[2026-05-06 11:35:31.214] [DEBUG] [WORLD ] Unloaded chunk 11,-15
[2026-05-06 11:35:31.214] [DEBUG] [WORLD ] Unloaded chunk 10,-27
[2026-05-06 11:35:31.214] [DEBUG] [WORLD ] Unloaded chunk 12,-17
[2026-05-06 11:35:31.214] [DEBUG] [WORLD ] Unloaded chunk 11,-27
[2026-05-06 11:35:31.214] [DEBUG] [WORLD ] Unloaded chunk 12,-16
[2026-05-06 11:35:31.214] [DEBUG] [WORLD ] Unloaded chunk 12,-27
[2026-05-06 11:35:31.214] [DEBUG] [WORLD ] Unloaded chunk 12,-15
[2026-05-06 11:35:31.214] [DEBUG] [WORLD ] Unloaded chunk 13,-27
[2026-05-06 11:35:31.214] [DEBUG] [WORLD ] Unloaded chunk 13,-17
[2026-05-06 11:35:31.214] [DEBUG] [WORLD ] Unloaded chunk 14,-27
[2026-05-06 11:35:31.214] [DEBUG] [WORLD ] Unloaded chunk 13,-26
[2026-05-06 11:35:31.214] [DEBUG] [WORLD ] Unloaded chunk 12,-25
[2026-05-06 11:35:31.214] [DEBUG] [WORLD ] Unloaded chunk 11,-24
[2026-05-06 11:35:31.214] [DEBUG] [WORLD ] Unloaded chunk 11,-14
[2026-05-06 11:35:31.214] [DEBUG] [WORLD ] Unloaded chunk 10,-22
[2026-05-06 11:35:31.214] [DEBUG] [WORLD ] Unloaded chunk 10,-21
[2026-05-06 11:35:31.214] [DEBUG] [WORLD ] Unloaded chunk 9,-14
[2026-05-06 11:35:31.214] [DEBUG] [WORLD ] Unloaded chunk 7,-10
[2026-05-06 11:35:31.214] [DEBUG] [WORLD ] Unloaded chunk 5,-10
[2026-05-06 11:35:31.214] [DEBUG] [WORLD ] Unloaded chunk 3,-13
[2026-05-06 11:35:31.214] [DEBUG] [WORLD ] Unloaded chunk 18,-20
[2026-05-06 11:35:31.214] [DEBUG] [WORLD ] Unloaded chunk 17,-21
[2026-05-06 11:35:31.214] [DEBUG] [WORLD ] Unloaded chunk 15,-19
[2026-05-06 11:35:31.214] [DEBUG] [WORLD ] Unloaded chunk 18,-19
[2026-05-06 11:35:31.214] [DEBUG] [WORLD ] Unloaded chunk 16,-21
[2026-05-06 11:35:31.214] [DEBUG] [WORLD ] Unloaded chunk 13,-16
=== Logger shutdown at Wed May  6 11:35:31 2026


=== Logger initialized at Wed May  6 11:39:56 2026
[2026-05-06 11:39:56.548] [INFO ] [GL    ] Created shader program: shaders/basic.vert + shaders/basic.frag
[2026-05-06 11:39:56.548] [INFO ] [GL    ] Created shader program: shaders/hud.vert + shaders/hud.frag
[2026-05-06 11:39:56.575] [INFO ] [GL    ] Loaded texture: assets/atlas.png (1024x1024)
[2026-05-06 11:39:56.577] [INFO ] [GL    ] Created shader program: shaders/ui.vert + shaders/ui.frag
[2026-05-06 11:39:56.577] [INFO ] [UI    ] UI initialized successfully
[2026-05-06 11:39:56.582] [DEBUG] [WORLD ] Loaded chunk -2,-2 (slot 0)
[2026-05-06 11:39:56.583] [DEBUG] [WORLD ] Loaded chunk -2,-1 (slot 1)
[2026-05-06 11:39:56.584] [DEBUG] [WORLD ] Loaded chunk -2,0 (slot 2)
[2026-05-06 11:39:56.584] [DEBUG] [WORLD ] Loaded chunk -2,1 (slot 3)
[2026-05-06 11:39:56.585] [DEBUG] [WORLD ] Loaded chunk -2,2 (slot 4)
[2026-05-06 11:39:56.585] [DEBUG] [WORLD ] Loaded chunk -1,-2 (slot 5)
[2026-05-06 11:39:56.586] [DEBUG] [WORLD ] Loaded chunk -1,-1 (slot 6)
[2026-05-06 11:39:56.586] [DEBUG] [WORLD ] Loaded chunk -1,0 (slot 7)
[2026-05-06 11:39:56.587] [DEBUG] [WORLD ] Loaded chunk -1,1 (slot 8)
[2026-05-06 11:39:56.587] [DEBUG] [WORLD ] Loaded chunk -1,2 (slot 9)
[2026-05-06 11:39:56.588] [DEBUG] [WORLD ] Loaded chunk 0,-2 (slot 10)
[2026-05-06 11:39:56.589] [DEBUG] [WORLD ] Loaded chunk 0,-1 (slot 11)
[2026-05-06 11:39:56.590] [DEBUG] [WORLD ] Loaded chunk 0,0 (slot 12)
[2026-05-06 11:39:56.590] [DEBUG] [WORLD ] Loaded chunk 0,1 (slot 13)
[2026-05-06 11:39:56.591] [DEBUG] [WORLD ] Loaded chunk 0,2 (slot 14)
[2026-05-06 11:39:56.591] [DEBUG] [WORLD ] Loaded chunk 1,-2 (slot 15)
[2026-05-06 11:39:56.592] [DEBUG] [WORLD ] Loaded chunk 1,-1 (slot 16)
[2026-05-06 11:39:56.592] [DEBUG] [WORLD ] Loaded chunk 1,0 (slot 17)
[2026-05-06 11:39:56.593] [DEBUG] [WORLD ] Loaded chunk 1,1 (slot 18)
[2026-05-06 11:39:56.593] [DEBUG] [WORLD ] Loaded chunk 1,2 (slot 19)
[2026-05-06 11:39:56.594] [DEBUG] [WORLD ] Loaded chunk 2,-2 (slot 20)
[2026-05-06 11:39:56.594] [DEBUG] [WORLD ] Loaded chunk 2,-1 (slot 21)
[2026-05-06 11:39:56.595] [DEBUG] [WORLD ] Loaded chunk 2,0 (slot 22)
[2026-05-06 11:39:56.595] [DEBUG] [WORLD ] Loaded chunk 2,1 (slot 23)
[2026-05-06 11:39:56.597] [DEBUG] [WORLD ] Loaded chunk 2,2 (slot 24)
[2026-05-06 11:39:58.942] [DEBUG] [WORLD ] Unloaded chunk -2,-2
[2026-05-06 11:39:58.942] [DEBUG] [WORLD ] Unloaded chunk -2,-1
[2026-05-06 11:39:58.942] [DEBUG] [WORLD ] Unloaded chunk -2,0
[2026-05-06 11:39:58.942] [DEBUG] [WORLD ] Unloaded chunk -2,1
[2026-05-06 11:39:58.942] [DEBUG] [WORLD ] Unloaded chunk -2,2
[2026-05-06 11:39:58.942] [DEBUG] [WORLD ] Unloaded chunk -1,-2
[2026-05-06 11:39:58.942] [DEBUG] [WORLD ] Unloaded chunk -1,-1
[2026-05-06 11:39:58.942] [DEBUG] [WORLD ] Unloaded chunk -1,0
[2026-05-06 11:39:58.942] [DEBUG] [WORLD ] Unloaded chunk -1,1
[2026-05-06 11:39:58.942] [DEBUG] [WORLD ] Unloaded chunk -1,2
[2026-05-06 11:39:58.942] [DEBUG] [WORLD ] Unloaded chunk 0,-2
[2026-05-06 11:39:58.942] [DEBUG] [WORLD ] Unloaded chunk 0,-1
[2026-05-06 11:39:58.942] [DEBUG] [WORLD ] Unloaded chunk 0,0
[2026-05-06 11:39:58.942] [DEBUG] [WORLD ] Unloaded chunk 0,1
[2026-05-06 11:39:58.942] [DEBUG] [WORLD ] Unloaded chunk 0,2
[2026-05-06 11:39:58.942] [DEBUG] [WORLD ] Unloaded chunk 1,-2
[2026-05-06 11:39:58.942] [DEBUG] [WORLD ] Unloaded chunk 1,-1
[2026-05-06 11:39:58.942] [DEBUG] [WORLD ] Unloaded chunk 1,0
[2026-05-06 11:39:58.942] [DEBUG] [WORLD ] Unloaded chunk 1,1
[2026-05-06 11:39:58.942] [DEBUG] [WORLD ] Unloaded chunk 1,2
[2026-05-06 11:39:58.942] [DEBUG] [WORLD ] Unloaded chunk 2,-2
[2026-05-06 11:39:58.942] [DEBUG] [WORLD ] Unloaded chunk 2,-1
[2026-05-06 11:39:58.943] [DEBUG] [WORLD ] Unloaded chunk 2,0
[2026-05-06 11:39:58.943] [DEBUG] [WORLD ] Unloaded chunk 2,1
[2026-05-06 11:39:58.943] [DEBUG] [WORLD ] Unloaded chunk 2,2
=== Logger shutdown at Wed May  6 11:39:58 2026

